"analysis_set","analysis_role","rsid","method","method_id","beta","se","ci_lower","ci_upper","pval","beta_doubling","ci_lower_doubling","ci_upper_doubling","diagnostic_role","main_result_use_allowed"
"relaxed_apoe_included","reverse_relaxed_exploratory_alternative_hb_outcome_sensitivity","rs429358","Wald ratio","mr_wald_ratio",-0.00477670801122732,0.00502563780910417,-0.0146269581170715,0.00507354209461684,0.34187449669561,-0.00331096169034032,-0.0101386347790165,0.00351671139833586,"single_snp_diagnostic_only",FALSE
"relaxed_apoe_included","reverse_relaxed_exploratory_alternative_hb_outcome_sensitivity","rs114649802","Wald ratio","mr_wald_ratio",0.0129870435418867,0.0154715214368564,-0.0173371384743518,0.0433112255581252,0.401235875644402,0.00900193261486804,-0.0120171886524743,0.0300210538822104,"single_snp_diagnostic_only",FALSE
"relaxed_apoe_included","reverse_relaxed_exploratory_alternative_hb_outcome_sensitivity","rs11667884","Wald ratio","mr_wald_ratio",-0.0250313264514589,0.020414404200728,-0.0650435586848857,0.0149809057819679,0.220138459577361,-0.0173503933555043,-0.0450847593160139,0.0103839726050052,"single_snp_diagnostic_only",FALSE
"relaxed_apoe_included","reverse_relaxed_exploratory_alternative_hb_outcome_sensitivity","rs12118495","Wald ratio","mr_wald_ratio",0.0177036170321005,0.0186383985348731,-0.0188276440962507,0.0542348781604517,0.342190270298914,0.0122712122315135,-0.0130503284219023,0.0375927528849293,"single_snp_diagnostic_only",FALSE
"relaxed_apoe_included","reverse_relaxed_exploratory_alternative_hb_outcome_sensitivity","rs12980770","Wald ratio","mr_wald_ratio",-0.00765388292677939,0.0205381748275703,-0.0479087055888173,0.0326009397352585,0.709396918880461,-0.00530526737103303,-0.0332077842031652,0.0225972494610991,"single_snp_diagnostic_only",FALSE
"relaxed_apoe_included","reverse_relaxed_exploratory_alternative_hb_outcome_sensitivity","rs139500156","Wald ratio","mr_wald_ratio",0.0147687879000971,0.0150680238012236,-0.0147645387503011,0.0443021145504953,0.327016523726815,0.0102369436932401,-0.0102339984070393,0.0307078857935195,"single_snp_diagnostic_only",FALSE
"relaxed_apoe_included","reverse_relaxed_exploratory_alternative_hb_outcome_sensitivity","rs2049903","Wald ratio","mr_wald_ratio",0.0341327098006787,0.0179930993184864,-0.00113376486355471,0.069399184464912,0.057829402241983,0.0236589915632112,-0.000785865918590878,0.0481038490450133,"single_snp_diagnostic_only",FALSE
"relaxed_apoe_included","reverse_relaxed_exploratory_alternative_hb_outcome_sensitivity","rs289751","Wald ratio","mr_wald_ratio",0.0152570660739387,0.0176385624281195,-0.0193145162851755,0.0498286484330528,0.387047826135711,0.0105753923327674,-0.0133878025069485,0.0345385871724833,"single_snp_diagnostic_only",FALSE
"relaxed_apoe_included","reverse_relaxed_exploratory_alternative_hb_outcome_sensitivity","rs35943042","Wald ratio","mr_wald_ratio",0.0039110282675809,0.0183235835004535,-0.032003195393308,0.0398252519284698,0.830981970322159,0.00271091821676395,-0.0221829246557805,0.0276047610893084,"single_snp_diagnostic_only",FALSE
"relaxed_apoe_included","reverse_relaxed_exploratory_alternative_hb_outcome_sensitivity","rs7092881","Wald ratio","mr_wald_ratio",-0.0274657657728274,0.0225510867946417,-0.0716658958903251,0.0167343643446703,0.223248541723487,-0.0190378181073552,-0.0496750136786814,0.0115993774639711,"single_snp_diagnostic_only",FALSE
"relaxed_apoe_excluded","reverse_relaxed_exploratory_alternative_hb_outcome_sensitivity","rs58537897","Wald ratio","mr_wald_ratio",0.0140604813556716,0.0447653088073129,-0.0736795239066616,0.101800486618005,0.75345021560405,0.00974598300899947,-0.0510707542609016,0.0705627202789005,"single_snp_diagnostic_only",FALSE
"relaxed_apoe_excluded","reverse_relaxed_exploratory_alternative_hb_outcome_sensitivity","rs114649802","Wald ratio","mr_wald_ratio",0.0129870435418867,0.0154715214368564,-0.0173371384743518,0.0433112255581252,0.401235875644402,0.00900193261486804,-0.0120171886524743,0.0300210538822104,"single_snp_diagnostic_only",FALSE
"relaxed_apoe_excluded","reverse_relaxed_exploratory_alternative_hb_outcome_sensitivity","rs11667884","Wald ratio","mr_wald_ratio",-0.0250313264514589,0.020414404200728,-0.0650435586848857,0.0149809057819679,0.220138459577361,-0.0173503933555043,-0.0450847593160139,0.0103839726050052,"single_snp_diagnostic_only",FALSE
"relaxed_apoe_excluded","reverse_relaxed_exploratory_alternative_hb_outcome_sensitivity","rs12118495","Wald ratio","mr_wald_ratio",0.0177036170321005,0.0186383985348731,-0.0188276440962507,0.0542348781604517,0.342190270298914,0.0122712122315135,-0.0130503284219023,0.0375927528849293,"single_snp_diagnostic_only",FALSE
"relaxed_apoe_excluded","reverse_relaxed_exploratory_alternative_hb_outcome_sensitivity","rs139500156","Wald ratio","mr_wald_ratio",0.0147687879000971,0.0150680238012236,-0.0147645387503011,0.0443021145504953,0.327016523726815,0.0102369436932401,-0.0102339984070393,0.0307078857935195,"single_snp_diagnostic_only",FALSE
"relaxed_apoe_excluded","reverse_relaxed_exploratory_alternative_hb_outcome_sensitivity","rs2049903","Wald ratio","mr_wald_ratio",0.0341327098006787,0.0179930993184864,-0.00113376486355471,0.069399184464912,0.057829402241983,0.0236589915632112,-0.000785865918590878,0.0481038490450133,"single_snp_diagnostic_only",FALSE
"relaxed_apoe_excluded","reverse_relaxed_exploratory_alternative_hb_outcome_sensitivity","rs289751","Wald ratio","mr_wald_ratio",0.0152570660739387,0.0176385624281195,-0.0193145162851755,0.0498286484330528,0.387047826135711,0.0105753923327674,-0.0133878025069485,0.0345385871724833,"single_snp_diagnostic_only",FALSE
"relaxed_apoe_excluded","reverse_relaxed_exploratory_alternative_hb_outcome_sensitivity","rs35943042","Wald ratio","mr_wald_ratio",0.0039110282675809,0.0183235835004535,-0.032003195393308,0.0398252519284698,0.830981970322159,0.00271091821676395,-0.0221829246557805,0.0276047610893084,"single_snp_diagnostic_only",FALSE
"relaxed_apoe_excluded","reverse_relaxed_exploratory_alternative_hb_outcome_sensitivity","rs7092881","Wald ratio","mr_wald_ratio",-0.0274657657728274,0.0225510867946417,-0.0716658958903251,0.0167343643446703,0.223248541723487,-0.0190378181073552,-0.0496750136786814,0.0115993774639711,"single_snp_diagnostic_only",FALSE
