"analysis_set","analysis_role","removed_rsid","beta","se","ci_lower","ci_upper","pval","full_ivw_beta","beta_doubling","se_doubling","ci_lower_doubling","ci_upper_doubling","absolute_shift","sign_change","nominal_significance_change"
"relaxed_apoe_included","reverse_relaxed_exploratory_alternative_hb_outcome_sensitivity","rs429358",0.00742996065870083,0.00624327169223531,-0.00480685185808039,0.019666773175482,0.234016971968135,0.000224259476291295,0.00515005628224979,0.00432750617094263,-0.00333185581279776,0.0136319683772973,0.00720570118240953,FALSE,FALSE
"relaxed_apoe_included","reverse_relaxed_exploratory_alternative_hb_outcome_sensitivity","rs114649802",-0.000623496323236948,0.00451566201334064,-0.0094741938693846,0.0082272012229107,0.890181792797745,0.000224259476291295,-0.000432174718541183,0.00313001839290871,-0.00656701076864225,0.00570266133155989,0.000847755799528243,TRUE,FALSE
"relaxed_apoe_included","reverse_relaxed_exploratory_alternative_hb_outcome_sensitivity","rs11667884",0.00116131951647831,0.00426206406573908,-0.00719232605237028,0.0095149650853269,0.785254356374646,0.000224259476291295,0.00080496534857618,0.0029542376905329,-0.0049853405248683,0.00659527122202066,0.000937060040187015,FALSE,FALSE
"relaxed_apoe_included","reverse_relaxed_exploratory_alternative_hb_outcome_sensitivity","rs12118495",-0.000559568589839239,0.00442744462017596,-0.00923736004538411,0.00811822286570564,0.89942610225516,0.000224259476291295,-0.000387863390376973,0.00306887075556026,-0.00640285007127508,0.00562712329052114,0.000783828066130534,TRUE,FALSE
"relaxed_apoe_included","reverse_relaxed_exploratory_alternative_hb_outcome_sensitivity","rs12980770",0.000512921689556781,0.00457482861152686,-0.00845374238903587,0.00947958576814944,0.910729662577676,0.000224259476291295,0.000355530222964326,0.00317102955362482,-0.00585968770214031,0.00657074814806896,0.000288662213265486,FALSE,FALSE
"relaxed_apoe_included","reverse_relaxed_exploratory_alternative_hb_outcome_sensitivity","rs139500156",-0.000797966575500367,0.00446356460843877,-0.00954655320804037,0.00795062005703963,0.85811564053802,0.000224259476291295,-0.000553108281989154,0.00309390722358649,-0.00661716644021868,0.00551094987624037,0.00102222605179166,TRUE,FALSE
"relaxed_apoe_included","reverse_relaxed_exploratory_alternative_hb_outcome_sensitivity","rs2049903",-0.00141268066750565,0.00395337858800812,-0.00916130270000156,0.00633594136499026,0.720841006481887,0.000224259476291295,-0.000979195621713083,0.00274027322196388,-0.00635013113676229,0.00439173989333613,0.00163694014379694,TRUE,FALSE
"relaxed_apoe_included","reverse_relaxed_exploratory_alternative_hb_outcome_sensitivity","rs289751",-0.000532403770247327,0.00447332909495774,-0.0093001287963645,0.00823532125586985,0.905261610934004,0.000224259476291295,-0.000369034172266419,0.00310067544988673,-0.00644635805404441,0.00570828970951157,0.000756663246538622,TRUE,FALSE
"relaxed_apoe_included","reverse_relaxed_exploratory_alternative_hb_outcome_sensitivity","rs35943042",0.0000529374973270705,0.00461977711534151,-0.00900182564874229,0.00910770064339643,0.990857332200808,0.000224259476291295,0.0000366934770181585,0.00320218548231433,-0.00623959006831792,0.00631297702235424,0.000171321978964225,FALSE,FALSE
"relaxed_apoe_included","reverse_relaxed_exploratory_alternative_hb_outcome_sensitivity","rs7092881",0.00106057979912959,0.00425555926215808,-0.00728031635470025,0.00940147595295943,0.803188915690171,0.000224259476291295,0.000735137897525509,0.00294972890427064,-0.00504633075484494,0.00651660654989595,0.000836320322838296,FALSE,FALSE
"relaxed_apoe_excluded","reverse_relaxed_exploratory_alternative_hb_outcome_sensitivity","rs58537897",0.0088541804786451,0.0067375201479216,-0.00435135901128123,0.0220597199685714,0.188792316250294,0.00895563884758977,0.00613725023494176,0.00467009309449768,-0.00301613223027369,0.0152906327001572,0.000101458368944672,FALSE,FALSE
"relaxed_apoe_excluded","reverse_relaxed_exploratory_alternative_hb_outcome_sensitivity","rs114649802",0.00816971167960068,0.0072618380051624,-0.00606349081051762,0.022402914169719,0.260580635917574,0.00895563884758977,0.00566281261670287,0.00503352253896137,-0.00420289155966143,0.0155285167930672,0.000785927167989094,FALSE,FALSE
"relaxed_apoe_excluded","reverse_relaxed_exploratory_alternative_hb_outcome_sensitivity","rs11667884",0.0124697196799583,0.00656426928823842,-0.000396248124988965,0.0253356874849056,0.0574809559542066,0.00895563884758977,0.00864335103853598,0.0045500047495787,-0.000274658270638266,0.0175613603477102,0.00351408083236856,FALSE,FALSE
"relaxed_apoe_excluded","reverse_relaxed_exploratory_alternative_hb_outcome_sensitivity","rs12118495",0.00784768320266712,0.00697640176468502,-0.00582606425611551,0.0215214306614498,0.260635733756156,0.00895563884758977,0.00543959948585636,0.00483567321364485,-0.00403832001288754,0.0149175189846003,0.00110795564492265,FALSE,FALSE
"relaxed_apoe_excluded","reverse_relaxed_exploratory_alternative_hb_outcome_sensitivity","rs139500156",0.0077480739955706,0.00725491145299337,-0.00647155245229641,0.0219677004434376,0.285531171193691,0.00895563884758977,0.00537055564479959,0.00502872141885441,-0.00448573833615505,0.0152268496257542,0.00120756485201917,FALSE,FALSE
"relaxed_apoe_excluded","reverse_relaxed_exploratory_alternative_hb_outcome_sensitivity","rs2049903",0.00550213543723067,0.00666397439765243,-0.00755925438216808,0.0185635252566294,0.409000536474582,0.00895563884758977,0.0038137896653754,0.00461911506505644,-0.00523967586213522,0.012867255192886,0.00345350341035911,FALSE,FALSE
"relaxed_apoe_excluded","reverse_relaxed_exploratory_alternative_hb_outcome_sensitivity","rs289751",0.00805114668175848,0.00707473403584522,-0.00581533202849815,0.0219176253920151,0.255114618596667,0.00895563884758977,0.00558062962273545,0.0049038319501576,-0.00403088099957344,0.0151921402450443,0.000904492165831295,FALSE,FALSE
"relaxed_apoe_excluded","reverse_relaxed_exploratory_alternative_hb_outcome_sensitivity","rs35943042",0.00961960995205064,0.00706471149710868,-0.00422722458228237,0.0234664444863837,0.173310801605652,0.00895563884758977,0.00666780551635029,0.00489688485569031,-0.00293008880080272,0.0162656998335033,0.000663971104460866,FALSE,FALSE
"relaxed_apoe_excluded","reverse_relaxed_exploratory_alternative_hb_outcome_sensitivity","rs7092881",0.0119850847429958,0.00650385321941394,-0.000762467567055506,0.0247326370530472,0.0653630670574389,0.00895563884758977,0.00830742769837957,0.0045081275218125,-0.000528502244372925,0.0171433576411321,0.00302944589540605,FALSE,FALSE
