"analysis_set","analysis_role","removed_rsid","nsnp_remaining","beta","se","ci_lower","ci_upper","pval","full_ivw_beta","full_ivw_pval","absolute_shift","relative_shift","sign_change","nominal_significance_change"
"APOE_included","reverse_relaxed_exploratory_main","rs429358",9,0.0118436370276668,0.00724873126890863,-0.00236387625939415,0.0260511503147277,0.102281732724773,-0.000560472845259953,0.920578676260158,0.0124041098729267,22.1315090959912,TRUE,FALSE
"APOE_included","reverse_relaxed_exploratory_main","rs12980770",9,-0.0000542138022604528,0.00599436339663317,-0.0118031660596615,0.0116947384551406,0.992783926624134,-0.000560472845259953,0.920578676260158,0.0005062590429995,22.1315090959912,FALSE,FALSE
"APOE_included","reverse_relaxed_exploratory_main","rs7092881",9,0.000279418932209488,0.00579484093355188,-0.0110784692975522,0.0116373071619712,0.961542052191547,-0.000560472845259953,0.920578676260158,0.000839891777469441,22.1315090959912,TRUE,FALSE
"APOE_included","reverse_relaxed_exploratory_main","rs114649802",9,-0.00246763384165293,0.00557296532978768,-0.0133906458880368,0.00845537820473092,0.657920165209366,-0.000560472845259953,0.920578676260158,0.00190716099639297,22.1315090959912,FALSE,FALSE
"APOE_included","reverse_relaxed_exploratory_main","rs11667884",9,0.0000696214234192271,0.00596500012416773,-0.0116217788199495,0.011761021666788,0.990687578125715,-0.000560472845259953,0.920578676260158,0.00063009426867918,22.1315090959912,TRUE,FALSE
"APOE_included","reverse_relaxed_exploratory_main","rs139500156",9,-0.00207905594832687,0.00582030777020642,-0.0134868591779315,0.00932874728127772,0.720936682471871,-0.000560472845259953,0.920578676260158,0.00151858310306692,22.1315090959912,FALSE,FALSE
"APOE_included","reverse_relaxed_exploratory_main","rs12118495",9,-0.00111927400794204,0.00602232968474986,-0.0129230401900518,0.0106844921741677,0.852559263232058,-0.000560472845259953,0.920578676260158,0.000558801162682085,22.1315090959912,FALSE,FALSE
"APOE_included","reverse_relaxed_exploratory_main","rs289751",9,-0.00155103951354677,0.00590920421584896,-0.0131330797766107,0.0100310007495172,0.792952499634941,-0.000560472845259953,0.920578676260158,0.000990566668286819,22.1315090959912,FALSE,FALSE
"APOE_included","reverse_relaxed_exploratory_main","rs35943042",9,-0.000908477018752665,0.00606734856395596,-0.0128004802041064,0.010983526166601,0.880975958533343,-0.000560472845259953,0.920578676260158,0.000348004173492712,22.1315090959912,FALSE,FALSE
"APOE_included","reverse_relaxed_exploratory_main","rs2049903",9,-0.00272058175050775,0.00493591376403133,-0.0123949727280091,0.00695380922699365,0.581509621990562,-0.000560472845259953,0.920578676260158,0.00216010890524779,22.1315090959912,FALSE,FALSE
"APOE_excluded","reverse_relaxed_apoe_exclusion_sensitivity","rs7092881",8,0.0180580467719187,0.00738248056582212,0.00358838486290732,0.03252770868093,0.0144423905038254,0.0145566066936854,0.0403466200965387,0.00350144007823329,0.240539581230302,FALSE,FALSE
"APOE_excluded","reverse_relaxed_apoe_exclusion_sensitivity","rs114649802",8,0.0120837700291605,0.00783163977708581,-0.00326624393392765,0.0274337839922487,0.122844722445796,0.0145566066936854,0.0403466200965387,0.00247283666452485,0.240539581230302,FALSE,TRUE
"APOE_excluded","reverse_relaxed_apoe_exclusion_sensitivity","rs11667884",8,0.0178889841302897,0.00746660911927132,0.00325443025651793,0.0325235380040615,0.0165812162643621,0.0145566066936854,0.0403466200965387,0.00333237743660433,0.240539581230302,FALSE,FALSE
"APOE_excluded","reverse_relaxed_apoe_exclusion_sensitivity","rs139500156",8,0.0133311763907973,0.00811298230040949,-0.00257026891800528,0.0292326216995999,0.100343500655977,0.0145566066936854,0.0403466200965387,0.00122543030288805,0.240539581230302,FALSE,TRUE
"APOE_excluded","reverse_relaxed_apoe_exclusion_sensitivity","rs12118495",8,0.0149143823112083,0.00788423094158691,-0.000538710334302084,0.0303674749567186,0.0585346387591968,0.0145566066936854,0.0403466200965387,0.000357775617522873,0.240539581230302,FALSE,TRUE
"APOE_excluded","reverse_relaxed_apoe_exclusion_sensitivity","rs289751",8,0.0139828133761529,0.00794065618492532,-0.00158087274630075,0.0295464994986065,0.0782529444055577,0.0145566066936854,0.0403466200965387,0.000573793317532496,0.240539581230302,FALSE,TRUE
"APOE_excluded","reverse_relaxed_apoe_exclusion_sensitivity","rs35943042",8,0.0154954155759448,0.00782177148081029,0.000164743473556658,0.030826087678333,0.0475843021277094,0.0145566066936854,0.0403466200965387,0.00093880888225944,0.240539581230302,FALSE,FALSE
"APOE_excluded","reverse_relaxed_apoe_exclusion_sensitivity","rs2049903",8,0.0105313191288055,0.00755563550452989,-0.00427772646007313,0.025340364717684,0.163367039958011,0.0145566066936854,0.0403466200965387,0.00402528756487992,0.240539581230302,FALSE,TRUE
"APOE_excluded","reverse_relaxed_apoe_exclusion_sensitivity","rs58537897",8,0.0142713228748071,0.00745845735820539,-0.000347253547275439,0.0288898992968897,0.0556915380556003,0.0145566066936854,0.0403466200965387,0.000285283818878258,0.240539581230302,FALSE,TRUE
