"analysis_set","analysis_role","rsid","method","method_id","beta","se","ci_lower","ci_upper","pval","diagnostic_role","branch_primary_result"
"APOE_included","reverse_relaxed_exploratory_main","rs429358","Wald ratio","mr_wald_ratio",-0.00939319931632509,0.00578295281702288,-0.0207277868376899,0.00194138820503975,0.104313676483474,"single_snp_diagnostic_plotting_input_only",FALSE
"APOE_included","reverse_relaxed_exploratory_main","rs12980770","Wald ratio","mr_wald_ratio",-0.0144596010982325,0.0235756466431818,-0.0606678685188688,0.0317486663224038,0.539659570024889,"single_snp_diagnostic_plotting_input_only",FALSE
"APOE_included","reverse_relaxed_exploratory_main","rs7092881","Wald ratio","mr_wald_ratio",-0.0286130728893139,0.025921992208627,-0.0794201776182227,0.0221940318395949,0.269673579783189,"single_snp_diagnostic_plotting_input_only",FALSE
"APOE_included","reverse_relaxed_exploratory_main","rs114649802","Wald ratio","mr_wald_ratio",0.0267754253139124,0.0173063413004454,-0.00714500363496055,0.0606958542627853,0.121828202682351,"single_snp_diagnostic_plotting_input_only",FALSE
"APOE_included","reverse_relaxed_exploratory_main","rs11667884","Wald ratio","mr_wald_ratio",-0.0169138224237723,0.0229455068918193,-0.0618870159317382,0.0280593710841936,0.461043272375741,"single_snp_diagnostic_plotting_input_only",FALSE
"APOE_included","reverse_relaxed_exploratory_main","rs139500156","Wald ratio","mr_wald_ratio",0.0203414580867754,0.0169820862427791,-0.0129434309490715,0.0536263471226224,0.230987660131004,"single_snp_diagnostic_plotting_input_only",FALSE
"APOE_included","reverse_relaxed_exploratory_main","rs12118495","Wald ratio","mr_wald_ratio",0.0117273744721982,0.0211911151243832,-0.0298072111715928,0.0532619601159892,0.579982710652394,"single_snp_diagnostic_plotting_input_only",FALSE
"APOE_included","reverse_relaxed_exploratory_main","rs289751","Wald ratio","mr_wald_ratio",0.0184783206384734,0.0198737226079515,-0.0204741756731115,0.0574308169500583,0.352481594388551,"single_snp_diagnostic_plotting_input_only",FALSE
"APOE_included","reverse_relaxed_exploratory_main","rs35943042","Wald ratio","mr_wald_ratio",0.00711188869379977,0.0212174115649938,-0.0344742379735881,0.0486980153611876,0.737480893600107,"single_snp_diagnostic_plotting_input_only",FALSE
"APOE_included","reverse_relaxed_exploratory_main","rs2049903","Wald ratio","mr_wald_ratio",0.0449549459636716,0.0207633522484245,0.00425877555675953,0.0856511163705837,0.0303792462045587,"single_snp_diagnostic_plotting_input_only",FALSE
"APOE_excluded","reverse_relaxed_apoe_exclusion_sensitivity","rs7092881","Wald ratio","mr_wald_ratio",-0.0286130728893139,0.025921992208627,-0.0794201776182227,0.0221940318395949,0.269673579783189,"single_snp_diagnostic_plotting_input_only",FALSE
"APOE_excluded","reverse_relaxed_apoe_exclusion_sensitivity","rs114649802","Wald ratio","mr_wald_ratio",0.0267754253139124,0.0173063413004454,-0.00714500363496055,0.0606958542627853,0.121828202682351,"single_snp_diagnostic_plotting_input_only",FALSE
"APOE_excluded","reverse_relaxed_apoe_exclusion_sensitivity","rs11667884","Wald ratio","mr_wald_ratio",-0.0169138224237723,0.0229455068918193,-0.0618870159317382,0.0280593710841936,0.461043272375741,"single_snp_diagnostic_plotting_input_only",FALSE
"APOE_excluded","reverse_relaxed_apoe_exclusion_sensitivity","rs139500156","Wald ratio","mr_wald_ratio",0.0203414580867754,0.0169820862427791,-0.0129434309490715,0.0536263471226224,0.230987660131004,"single_snp_diagnostic_plotting_input_only",FALSE
"APOE_excluded","reverse_relaxed_apoe_exclusion_sensitivity","rs12118495","Wald ratio","mr_wald_ratio",0.0117273744721982,0.0211911151243832,-0.0298072111715928,0.0532619601159892,0.579982710652394,"single_snp_diagnostic_plotting_input_only",FALSE
"APOE_excluded","reverse_relaxed_apoe_exclusion_sensitivity","rs289751","Wald ratio","mr_wald_ratio",0.0184783206384734,0.0198737226079515,-0.0204741756731115,0.0574308169500583,0.352481594388551,"single_snp_diagnostic_plotting_input_only",FALSE
"APOE_excluded","reverse_relaxed_apoe_exclusion_sensitivity","rs35943042","Wald ratio","mr_wald_ratio",0.00711188869379977,0.0212174115649938,-0.0344742379735881,0.0486980153611876,0.737480893600107,"single_snp_diagnostic_plotting_input_only",FALSE
"APOE_excluded","reverse_relaxed_apoe_exclusion_sensitivity","rs2049903","Wald ratio","mr_wald_ratio",0.0449549459636716,0.0207633522484245,0.00425877555675953,0.0856511163705837,0.0303792462045587,"single_snp_diagnostic_plotting_input_only",FALSE
"APOE_excluded","reverse_relaxed_apoe_exclusion_sensitivity","rs58537897","Wald ratio","mr_wald_ratio",0.0307698675251956,0.0539947908813817,-0.0750599226023125,0.136599657652704,0.568767682080464,"single_snp_diagnostic_plotting_input_only",FALSE
