"analysis_set","analysis_role","rsid","exposure_beta","exposure_se","F_statistic","weak_instrument_F_lt_10"
"APOE_included","forward_primary","rs10002832",-0.0181447,0.00332156,29.8411379577211,FALSE
"APOE_included","forward_primary","rs10091384",0.0126616,0.00218588,33.5524737907733,FALSE
"APOE_included","forward_primary","rs10111737",-0.0131048,0.00237606,30.4190739189268,FALSE
"APOE_included","forward_primary","rs1016144",0.0169764,0.00246805,47.3133055981876,FALSE
"APOE_included","forward_primary","rs10265221",-0.0684015,0.00235288,845.145911672495,FALSE
"APOE_included","forward_primary","rs1043893",-0.0121966,0.00221565,30.3022758544432,FALSE
"APOE_included","forward_primary","rs10449775",0.013706,0.00213397,41.2519835208867,FALSE
"APOE_included","forward_primary","rs1062601",0.0231614,0.00213988,117.152287904637,FALSE
"APOE_included","forward_primary","rs1075871",-0.0199046,0.00213387,87.0103656075681,FALSE
"APOE_included","forward_primary","rs10779596",0.0164135,0.00227661,51.9786649546629,FALSE
"APOE_included","forward_primary","rs10812219",0.014513,0.00265523,29.8751502368938,FALSE
"APOE_included","forward_primary","rs10840457",0.0199132,0.00229488,75.2943085063935,FALSE
"APOE_included","forward_primary","rs10859044",0.0158608,0.00236619,44.9315032133271,FALSE
"APOE_included","forward_primary","rs10898979",0.01256,0.00213371,34.6504192405026,FALSE
"APOE_included","forward_primary","rs10900027",0.0214638,0.00242021,78.6515206553299,FALSE
"APOE_included","forward_primary","rs10904089",0.0159163,0.00216652,53.9707965376911,FALSE
"APOE_included","forward_primary","rs10956934",-0.0248437,0.00213529,135.368875171224,FALSE
"APOE_included","forward_primary","rs10958605",0.0144421,0.00214835,45.1908617722342,FALSE
"APOE_included","forward_primary","rs11056375",-0.0150884,0.00226808,44.2557433443715,FALSE
"APOE_included","forward_primary","rs11098259",0.0252854,0.00319409,62.6679312617455,FALSE
"APOE_included","forward_primary","rs11122219",0.0143138,0.00250238,32.7192521606969,FALSE
"APOE_included","forward_primary","rs11124926",-0.0196277,0.0021329,84.6833118360389,FALSE
"APOE_included","forward_primary","rs111979456",0.0145342,0.00245531,35.0404438695707,FALSE
"APOE_included","forward_primary","rs112524225",-0.0320649,0.00571032,31.5310829494354,FALSE
"APOE_included","forward_primary","rs11258533",0.0163895,0.0021671,57.1970335081829,FALSE
"APOE_included","forward_primary","rs112597538",0.0170114,0.0021384,63.2852094209054,FALSE
"APOE_included","forward_primary","rs113051151",0.0244336,0.00356318,47.0218157676355,FALSE
"APOE_included","forward_primary","rs113670117",-0.03085,0.00375552,67.4792393508593,FALSE
"APOE_included","forward_primary","rs114922507",-0.0305213,0.00515303,35.0817067253527,FALSE
"APOE_included","forward_primary","rs11556924",-0.0171029,0.00218432,61.3065657049035,FALSE
"APOE_included","forward_primary","rs11615482",-0.0220146,0.00260399,71.4731583153027,FALSE
"APOE_included","forward_primary","rs11641118",0.0254988,0.00271966,87.9043278442691,FALSE
"APOE_included","forward_primary","rs11686019",0.0146899,0.00249484,34.6698754705446,FALSE
"APOE_included","forward_primary","rs116924736",0.0371583,0.00619597,35.9660762625271,FALSE
"APOE_included","forward_primary","rs11694902",0.0305995,0.0030635,99.7683732253557,FALSE
"APOE_included","forward_primary","rs11704728",0.0159895,0.00268876,35.3643507594645,FALSE
"APOE_included","forward_primary","rs11720019",0.0158761,0.00220504,51.8387722744389,FALSE
"APOE_included","forward_primary","rs1175550",0.0326381,0.00255302,163.433583541199,FALSE
"APOE_included","forward_primary","rs11758702",0.133977,0.00807274,275.434645574194,FALSE
"APOE_included","forward_primary","rs11784090",0.0201851,0.00311393,42.0188458714589,FALSE
"APOE_included","forward_primary","rs11978933",0.0126528,0.00217519,33.8359902069208,FALSE
"APOE_included","forward_primary","rs12035773",0.0127062,0.00213012,35.5814165415794,FALSE
"APOE_included","forward_primary","rs12120512",0.0180297,0.00324034,30.9596353683149,FALSE
"APOE_included","forward_primary","rs12192672",0.0270941,0.00232925,135.306060782622,FALSE
"APOE_included","forward_primary","rs12265787",0.0136374,0.00233356,34.1527134533818,FALSE
"APOE_included","forward_primary","rs1232605",-0.0125029,0.00217971,32.9021351533159,FALSE
"APOE_included","forward_primary","rs1239682",-0.0162294,0.00214073,57.4752856033455,FALSE
"APOE_included","forward_primary","rs1256061",-0.0250164,0.00214058,136.579870980612,FALSE
"APOE_included","forward_primary","rs1257415",0.0152783,0.00214257,50.8487202933768,FALSE
"APOE_included","forward_primary","rs12742784",0.0212295,0.00262899,65.2081175637306,FALSE
"APOE_included","forward_primary","rs12772945",-0.0189465,0.00311934,36.8920305636202,FALSE
"APOE_included","forward_primary","rs12800440",-0.0158564,0.00255755,38.4380121857743,FALSE
"APOE_included","forward_primary","rs12811512",-0.0315647,0.00296651,113.217014560588,FALSE
"APOE_included","forward_primary","rs128494",0.0334136,0.00254957,171.756292926205,FALSE
"APOE_included","forward_primary","rs12881869",-0.0298012,0.00416013,51.3161067557144,FALSE
"APOE_included","forward_primary","rs12889267",-0.0242016,0.00285177,72.0210030195058,FALSE
"APOE_included","forward_primary","rs12894354",0.014257,0.0022351,40.6876289302268,FALSE
"APOE_included","forward_primary","rs12967734",-0.0254829,0.00355808,51.2939663835036,FALSE
"APOE_included","forward_primary","rs12987661",0.0207983,0.00320821,42.0271654983194,FALSE
"APOE_included","forward_primary","rs13005282",-0.0145349,0.00222282,42.7578150985037,FALSE
"APOE_included","forward_primary","rs13007705",0.0153928,0.00214679,51.4110088156857,FALSE
"APOE_included","forward_primary","rs13033531",-0.0128867,0.00223926,33.1187847076723,FALSE
"APOE_included","forward_primary","rs13080281",-0.0195935,0.00247697,62.5723620079257,FALSE
"APOE_included","forward_primary","rs13103534",-0.0175928,0.00218333,64.9278716183134,FALSE
"APOE_included","forward_primary","rs13107325",0.050046,0.00406064,151.89719930219,FALSE
"APOE_included","forward_primary","rs13145825",0.0134254,0.00215217,38.9135920373145,FALSE
"APOE_included","forward_primary","rs13207351",-0.0331975,0.00212545,243.954578539569,FALSE
"APOE_included","forward_primary","rs13306780",-0.0262526,0.00234569,125.257405019356,FALSE
"APOE_included","forward_primary","rs13389219",-0.0193156,0.00217216,79.0738314060607,FALSE
"APOE_included","forward_primary","rs1340817",-0.0234,0.0022345,109.665745892454,FALSE
"APOE_included","forward_primary","rs13415550",0.0153445,0.00260333,34.7413777085703,FALSE
"APOE_included","forward_primary","rs1354674",-0.0237929,0.00332321,51.260069005508,FALSE
"APOE_included","forward_primary","rs13621",-0.0173405,0.00228676,57.5018818373421,FALSE
"APOE_included","forward_primary","rs1373866",0.0135724,0.00230334,34.7213978950311,FALSE
"APOE_included","forward_primary","rs138058297",-0.0202749,0.00327339,38.3638283381024,FALSE
"APOE_included","forward_primary","rs142552223",-0.0342414,0.00550779,38.6498915477484,FALSE
"APOE_included","forward_primary","rs1426374",-0.0163352,0.00234109,48.686963849629,FALSE
"APOE_included","forward_primary","rs1427445",-0.0207235,0.00213489,94.2269654340271,FALSE
"APOE_included","forward_primary","rs1438898",0.0276432,0.00246314,125.95007714832,FALSE
"APOE_included","forward_primary","rs143991670",0.0270987,0.00309874,76.4762593979925,FALSE
"APOE_included","forward_primary","rs1479559",0.0276354,0.00318746,75.1695626017752,FALSE
"APOE_included","forward_primary","rs148102803",-0.0180161,0.00290769,38.3906408530199,FALSE
"APOE_included","forward_primary","rs148462165",0.0167231,0.00245905,46.2486281245402,FALSE
"APOE_included","forward_primary","rs148967402",0.051797,0.00772274,44.984861333895,FALSE
"APOE_included","forward_primary","rs150844304",-0.0951662,0.00679515,196.140537165997,FALSE
"APOE_included","forward_primary","rs1539009",-0.0144586,0.0021899,43.5917113266287,FALSE
"APOE_included","forward_primary","rs165944",-0.0167524,0.0025167,44.3089205723757,FALSE
"APOE_included","forward_primary","rs1678960",0.0157387,0.00281623,31.2321206334689,FALSE
"APOE_included","forward_primary","rs16874060",0.0481084,0.00501853,91.8943430348525,FALSE
"APOE_included","forward_primary","rs16909970",-0.0132771,0.00226851,34.2550855463858,FALSE
"APOE_included","forward_primary","rs16942751",-0.0216372,0.00379725,32.4686130407663,FALSE
"APOE_included","forward_primary","rs16956623",0.0154776,0.00237858,42.3420335171373,FALSE
"APOE_included","forward_primary","rs17003427",0.033371,0.00508509,43.0666562920289,FALSE
"APOE_included","forward_primary","rs17006441",0.0236806,0.00216394,119.755363775268,FALSE
"APOE_included","forward_primary","rs17185135",-0.0199922,0.00325221,37.7888794340605,FALSE
"APOE_included","forward_primary","rs17278406",-0.0350711,0.00233558,225.480651012564,FALSE
"APOE_included","forward_primary","rs174574",-0.0304162,0.00223204,185.697460208227,FALSE
"APOE_included","forward_primary","rs17476364",0.149026,0.00341991,1898.86782289003,FALSE
"APOE_included","forward_primary","rs17645325",-0.0181707,0.00323576,31.53484584722,FALSE
"APOE_included","forward_primary","rs17654742",0.0295032,0.0029617,99.2329988308528,FALSE
"APOE_included","forward_primary","rs17672797",-0.0120613,0.00215193,31.4146307524127,FALSE
"APOE_included","forward_primary","rs17680229",-0.024648,0.00297211,68.7754772458802,FALSE
"APOE_included","forward_primary","rs17816693",0.0211103,0.00278035,57.6487467738221,FALSE
"APOE_included","forward_primary","rs1800562",0.189783,0.00400401,2246.59251722594,FALSE
"APOE_included","forward_primary","rs1800961",0.0725911,0.0061426,139.656863489059,FALSE
"APOE_included","forward_primary","rs181669",0.0127155,0.00213568,35.4482274099309,FALSE
"APOE_included","forward_primary","rs184088518",-0.118949,0.00727042,267.671782167929,FALSE
"APOE_included","forward_primary","rs1855557",0.014489,0.00213408,46.0951713125243,FALSE
"APOE_included","forward_primary","rs1863127",0.015054,0.00213246,49.8358690823292,FALSE
"APOE_included","forward_primary","rs1923032",-0.0150565,0.00237999,40.0219082848726,FALSE
"APOE_included","forward_primary","rs1949481",0.0126251,0.00214228,34.7309919104186,FALSE
"APOE_included","forward_primary","rs1987070",0.0202394,0.00241668,70.1385803710091,FALSE
"APOE_included","forward_primary","rs2002905",-0.0219947,0.00255578,74.0609282261645,FALSE
"APOE_included","forward_primary","rs2020971",-0.0155639,0.00278598,31.2090734073218,FALSE
"APOE_included","forward_primary","rs2043082",-0.018001,0.00223079,65.1142264868804,FALSE
"APOE_included","forward_primary","rs2070895",-0.0231314,0.00257697,80.5721795787745,FALSE
"APOE_included","forward_primary","rs2093380",-0.0161417,0.00230683,48.9629258260429,FALSE
"APOE_included","forward_primary","rs2184540",0.0174917,0.00250599,48.7197861160044,FALSE
"APOE_included","forward_primary","rs2209098",-0.0205705,0.00229334,80.4549564590192,FALSE
"APOE_included","forward_primary","rs2226376",-0.0200534,0.00310704,41.6564584703387,FALSE
"APOE_included","forward_primary","rs2228445",-0.0414811,0.00356899,135.085852185845,FALSE
"APOE_included","forward_primary","rs2243314",-0.0278956,0.00231541,145.149520243335,FALSE
"APOE_included","forward_primary","rs2293767",0.0332894,0.00235414,199.961949385429,FALSE
"APOE_included","forward_primary","rs2294915",0.0299607,0.00252552,140.735055179741,FALSE
"APOE_included","forward_primary","rs2303937",0.0139904,0.00215807,42.0270791728061,FALSE
"APOE_included","forward_primary","rs241812",0.0127303,0.00230328,30.548071858869,FALSE
"APOE_included","forward_primary","rs2426160",-0.0197589,0.00223154,78.4000202251398,FALSE
"APOE_included","forward_primary","rs2449749",0.0204861,0.00336275,37.1132864766407,FALSE
"APOE_included","forward_primary","rs2469076",0.0139536,0.00233296,35.7732133826923,FALSE
"APOE_included","forward_primary","rs2519093",-0.0849069,0.00275241,951.611574101171,FALSE
"APOE_included","forward_primary","rs2541119",-0.0398467,0.00609893,42.6852100175026,FALSE
"APOE_included","forward_primary","rs2542404",0.0143064,0.00226054,40.0531184174715,FALSE
"APOE_included","forward_primary","rs2561566",0.029474,0.00327812,80.8404018055726,FALSE
"APOE_included","forward_primary","rs2576161",0.0128355,0.00217468,34.836527758886,FALSE
"APOE_included","forward_primary","rs258753",-0.0157842,0.00228975,47.5191884481272,FALSE
"APOE_included","forward_primary","rs2613522",0.0189884,0.00239792,62.7057495613656,FALSE
"APOE_included","forward_primary","rs2760537",0.0198907,0.00299892,43.991662350017,FALSE
"APOE_included","forward_primary","rs2823139",-0.0308336,0.00226839,184.762155395343,FALSE
"APOE_included","forward_primary","rs2834287",-0.0289467,0.0027916,107.520615303477,FALSE
"APOE_included","forward_primary","rs2835435",-0.0316199,0.00260408,147.438987591847,FALSE
"APOE_included","forward_primary","rs28418580",0.0153326,0.00214981,50.8664529617719,FALSE
"APOE_included","forward_primary","rs28606370",-0.0154928,0.0022537,47.2571601329903,FALSE
"APOE_included","forward_primary","rs2870238",0.026815,0.00213036,158.434444092538,FALSE
"APOE_included","forward_primary","rs2871974",0.0133583,0.00222252,36.1252640058062,FALSE
"APOE_included","forward_primary","rs290671",0.0137791,0.00226517,37.0032697440318,FALSE
"APOE_included","forward_primary","rs2934849",-0.0146562,0.00220349,44.2405581764916,FALSE
"APOE_included","forward_primary","rs2943637",0.0168446,0.00212417,62.8843915360745,FALSE
"APOE_included","forward_primary","rs2946844",0.0221006,0.0029258,57.0583038621504,FALSE
"APOE_included","forward_primary","rs2950015",0.0482432,0.00254317,359.849936559241,FALSE
"APOE_included","forward_primary","rs2970870",-0.0126031,0.00217399,33.6077687533324,FALSE
"APOE_included","forward_primary","rs3012053",0.0161399,0.00235659,46.906563684934,FALSE
"APOE_included","forward_primary","rs3112629",-0.0153226,0.00260718,34.5400448260603,FALSE
"APOE_included","forward_primary","rs3132136",-0.0188989,0.00260925,52.4616166717474,FALSE
"APOE_included","forward_primary","rs3184504",-0.0679936,0.00213004,1018.96801939191,FALSE
"APOE_included","forward_primary","rs3213545",0.0252117,0.00238877,111.392407150265,FALSE
"APOE_included","forward_primary","rs332362",0.0124371,0.00219456,32.117618439881,FALSE
"APOE_included","forward_primary","rs333947",0.0167898,0.00296719,32.018452086551,FALSE
"APOE_included","forward_primary","rs339995",-0.0172914,0.00221364,61.0163644138728,FALSE
"APOE_included","forward_primary","rs34235720",0.0134521,0.00236636,32.3160702138257,FALSE
"APOE_included","forward_primary","rs34618120",0.012933,0.00223257,33.5574062729003,FALSE
"APOE_included","forward_primary","rs34952318",0.0347781,0.00500048,48.3713618371368,FALSE
"APOE_included","forward_primary","rs35124400",0.0284353,0.00220722,165.968008830315,FALSE
"APOE_included","forward_primary","rs35219107",0.0128006,0.0021485,35.4968599759676,FALSE
"APOE_included","forward_primary","rs35240997",-0.0313326,0.00259641,145.628482010018,FALSE
"APOE_included","forward_primary","rs35593442",-0.0247569,0.00298853,68.6241985212123,FALSE
"APOE_included","forward_primary","rs35679500",0.0232623,0.00263183,78.124929478704,FALSE
"APOE_included","forward_primary","rs357282",-0.0252743,0.00317019,63.5605561951528,FALSE
"APOE_included","forward_primary","rs36020935",-0.0472976,0.00327049,209.147441914854,FALSE
"APOE_included","forward_primary","rs36065733",0.0314998,0.00214183,216.2945606983,FALSE
"APOE_included","forward_primary","rs36219252",0.0910264,0.00801803,128.884111106642,FALSE
"APOE_included","forward_primary","rs368417629",-0.0467189,0.00253456,339.766114893329,FALSE
"APOE_included","forward_primary","rs3740689",0.0165885,0.00216153,58.8968000019693,FALSE
"APOE_included","forward_primary","rs3741414",0.0226371,0.00248546,82.9522217389602,FALSE
"APOE_included","forward_primary","rs3754140",0.0398752,0.00241319,273.037761499831,FALSE
"APOE_included","forward_primary","rs3772219",-0.0277841,0.00227079,149.705832529186,FALSE
"APOE_included","forward_primary","rs3777891",-0.0139754,0.00226266,38.1495917958861,FALSE
"APOE_included","forward_primary","rs3780474",0.0206119,0.00221743,86.4044710362816,FALSE
"APOE_included","forward_primary","rs3791020",-0.0164635,0.00249244,43.6309743058412,FALSE
"APOE_included","forward_primary","rs3807997",0.0151306,0.0027101,31.1703492216907,FALSE
"APOE_included","forward_primary","rs3809627",0.0218503,0.00217603,100.828905104778,FALSE
"APOE_included","forward_primary","rs3811444",0.0241785,0.00224738,115.745918439926,FALSE
"APOE_included","forward_primary","rs3814570",0.0141766,0.00235495,36.2393825927583,FALSE
"APOE_included","forward_primary","rs3859158",0.0184872,0.00274844,45.2449130692382,FALSE
"APOE_included","forward_primary","rs3925798",-0.0123455,0.0021481,33.029985070802,FALSE
"APOE_included","forward_primary","rs3932815",-0.0181743,0.00234916,59.8535880892865,FALSE
"APOE_included","forward_primary","rs4074995",0.0281108,0.00240628,136.47530946936,FALSE
"APOE_included","forward_primary","rs41278174",0.0524204,0.00655803,63.8930857387846,FALSE
"APOE_included","forward_primary","rs4233937",0.0150982,0.00217496,48.1889873001322,FALSE
"APOE_included","forward_primary","rs4240624",-0.0314424,0.00370464,72.0343021979561,FALSE
"APOE_included","forward_primary","rs4322206",-0.0123567,0.00212714,33.7452660828028,FALSE
"APOE_included","forward_primary","rs4456287",-0.0175607,0.0025918,45.9071864081702,FALSE
"APOE_included","forward_primary","rs448182",-0.015854,0.00214192,54.7862046730313,FALSE
"APOE_included","forward_primary","rs464605",0.0206462,0.00244281,71.4333276437765,FALSE
"APOE_included","forward_primary","rs4660253",-0.0203162,0.00222984,83.0113650435368,FALSE
"APOE_included","forward_primary","rs4683603",0.0155617,0.00218034,50.9407849468984,FALSE
"APOE_included","forward_primary","rs4760682",-0.0476284,0.00272872,304.659017073245,FALSE
"APOE_included","forward_primary","rs4837834",-0.0122426,0.00213742,32.8070803754231,FALSE
"APOE_included","forward_primary","rs4886755",-0.0357024,0.0021328,280.217051262065,FALSE
"APOE_included","forward_primary","rs4895441",-0.0518145,0.00238663,471.33797591614,FALSE
"APOE_included","forward_primary","rs4899258",0.0157874,0.00235836,44.8126910928968,FALSE
"APOE_included","forward_primary","rs4925184",0.0334781,0.00415373,64.9598596913215,FALSE
"APOE_included","forward_primary","rs4985717",-0.0159591,0.00241178,43.7866191007798,FALSE
"APOE_included","forward_primary","rs5369",-0.0258161,0.00324596,63.255011919527,FALSE
"APOE_included","forward_primary","rs55675467",-0.0175726,0.00304461,33.3126136396102,FALSE
"APOE_included","forward_primary","rs55731973",-0.025097,0.00236023,113.066765609384,FALSE
"APOE_included","forward_primary","rs55733296",-0.0702214,0.00554413,160.425040323441,FALSE
"APOE_included","forward_primary","rs55781197",0.0364845,0.00333429,119.731950620643,FALSE
"APOE_included","forward_primary","rs55971447",0.0336366,0.00328445,104.881495577899,FALSE
"APOE_included","forward_primary","rs56011044",-0.0326889,0.00363767,80.7521355239662,FALSE
"APOE_included","forward_primary","rs56085610",-0.0328586,0.00377223,75.8755377278441,FALSE
"APOE_included","forward_primary","rs56262900",0.03021,0.00352309,73.5282068975788,FALSE
"APOE_included","forward_primary","rs56316046",-0.027357,0.0021388,163.605006708718,FALSE
"APOE_included","forward_primary","rs564640",-0.0148788,0.00219721,45.8556314518351,FALSE
"APOE_included","forward_primary","rs565728",-0.0149082,0.00228739,42.4785794157796,FALSE
"APOE_included","forward_primary","rs5751348",0.0278528,0.00213554,170.107045047648,FALSE
"APOE_included","forward_primary","rs5754100",-0.0172548,0.0027398,39.6626873779715,FALSE
"APOE_included","forward_primary","rs58030780",-0.0117008,0.00214357,29.7958494701098,FALSE
"APOE_included","forward_primary","rs58324280",0.0269342,0.00268416,100.691163931571,FALSE
"APOE_included","forward_primary","rs58365266",0.0174849,0.0025856,45.7302554605194,FALSE
"APOE_included","forward_primary","rs58542926",0.0317177,0.00405435,61.2013355372701,FALSE
"APOE_included","forward_primary","rs59271985",0.0188472,0.00317124,35.3212005672007,FALSE
"APOE_included","forward_primary","rs5995385",-0.0229992,0.00213367,116.190590216886,FALSE
"APOE_included","forward_primary","rs6016505",0.0145559,0.00214338,46.1189890351218,FALSE
"APOE_included","forward_primary","rs60235509",-0.0138704,0.00250228,30.7260095879375,FALSE
"APOE_included","forward_primary","rs6108787",0.0121154,0.00214104,32.0203409872035,FALSE
"APOE_included","forward_primary","rs61880662",-0.0217235,0.00310007,49.1039688748074,FALSE
"APOE_included","forward_primary","rs62022865",0.0193732,0.0030955,39.1688758278733,FALSE
"APOE_included","forward_primary","rs62311296",0.0145254,0.00213162,46.4340568637689,FALSE
"APOE_included","forward_primary","rs62398471",-0.0150739,0.00241741,38.8821822053971,FALSE
"APOE_included","forward_primary","rs62435145",-0.0373358,0.00237676,246.763125989278,FALSE
"APOE_included","forward_primary","rs6415788",-0.02412,0.00220626,119.520176148617,FALSE
"APOE_included","forward_primary","rs6428637",0.0138517,0.00215267,41.4048520524685,FALSE
"APOE_included","forward_primary","rs643381",-0.0168118,0.00212807,62.4103489551744,FALSE
"APOE_included","forward_primary","rs643884",0.0218145,0.00292738,55.530594577742,FALSE
"APOE_included","forward_primary","rs6465351",-0.0187511,0.00213129,77.4048913488509,FALSE
"APOE_included","forward_primary","rs6474401",-0.0270538,0.00218663,153.075591324016,FALSE
"APOE_included","forward_primary","rs6602909",0.0221724,0.00228065,94.5166079179871,FALSE
"APOE_included","forward_primary","rs66514362",-0.0237095,0.00413152,32.93252816661,FALSE
"APOE_included","forward_primary","rs66530629",0.0187523,0.00244957,58.604285494978,FALSE
"APOE_included","forward_primary","rs6679233",0.0137763,0.00227539,36.6567107897535,FALSE
"APOE_included","forward_primary","rs6690625",0.0190782,0.00267574,50.837826248174,FALSE
"APOE_included","forward_primary","rs6702992",-0.0133753,0.00220783,36.7008229854174,FALSE
"APOE_included","forward_primary","rs6733795",-0.0119429,0.00214826,30.906221132469,FALSE
"APOE_included","forward_primary","rs6775517",-0.0216378,0.00221206,95.6824747104107,FALSE
"APOE_included","forward_primary","rs6864465",-0.0144883,0.00220949,42.9982499050165,FALSE
"APOE_included","forward_primary","rs6967414",0.0243489,0.00345115,49.777263834576,FALSE
"APOE_included","forward_primary","rs6972333",-0.0125537,0.00213389,34.6098275637854,FALSE
"APOE_included","forward_primary","rs7004509",-0.0196544,0.00214074,84.2930431205691,FALSE
"APOE_included","forward_primary","rs7032549",0.0183528,0.00216059,72.1539216408911,FALSE
"APOE_included","forward_primary","rs71450364",0.018579,0.00229107,65.7609308923131,FALSE
"APOE_included","forward_primary","rs71518321",0.0223135,0.00217369,105.375628893885,FALSE
"APOE_included","forward_primary","rs715880",0.0139674,0.00213975,42.6093659093453,FALSE
"APOE_included","forward_primary","rs7182622",-0.0189438,0.00311041,37.0935945781861,FALSE
"APOE_included","forward_primary","rs7244849",-0.0142129,0.00244543,33.7796331948139,FALSE
"APOE_included","forward_primary","rs72717436",0.0181457,0.00217194,69.7994186768494,FALSE
"APOE_included","forward_primary","rs72730598",0.0205039,0.00226064,82.2640590579917,FALSE
"APOE_included","forward_primary","rs72752884",0.0452605,0.00337581,179.755713838956,FALSE
"APOE_included","forward_primary","rs73245347",0.0132462,0.00241245,30.1485183829366,FALSE
"APOE_included","forward_primary","rs743590",-0.0129774,0.00220049,34.7805610577576,FALSE
"APOE_included","forward_primary","rs74417235",0.0305554,0.00365164,70.0164416591657,FALSE
"APOE_included","forward_primary","rs74626145",0.0228096,0.00345134,43.6777088541265,FALSE
"APOE_included","forward_primary","rs7464181",0.0133805,0.00216164,38.3158044805017,FALSE
"APOE_included","forward_primary","rs747578",0.0157682,0.00236878,44.3113298875697,FALSE
"APOE_included","forward_primary","rs752590",0.0314183,0.00260331,145.651040445929,FALSE
"APOE_included","forward_primary","rs7550758",0.0152964,0.00212222,51.9514480980389,FALSE
"APOE_included","forward_primary","rs75792643",0.0326574,0.00229709,202.119022387445,FALSE
"APOE_included","forward_primary","rs7647352",-0.0123098,0.00217856,31.9273551346507,FALSE
"APOE_included","forward_primary","rs7676376",0.0141821,0.0023789,35.540923960762,FALSE
"APOE_included","forward_primary","rs7697279",-0.021246,0.00356638,35.4894380764291,FALSE
"APOE_included","forward_primary","rs7701575",-0.0286485,0.0044239,41.9365957044733,FALSE
"APOE_included","forward_primary","rs77486408",-0.0312135,0.00432065,52.1899359953276,FALSE
"APOE_included","forward_primary","rs77541036",0.0441005,0.00553944,63.3804475287935,FALSE
"APOE_included","forward_primary","rs77542162",0.0905271,0.00716194,159.770229711565,FALSE
"APOE_included","forward_primary","rs7766720",-0.0253342,0.00394441,41.2525013484867,FALSE
"APOE_included","forward_primary","rs78622623",0.0131763,0.00235751,31.2377583919137,FALSE
"APOE_included","forward_primary","rs78839561",0.0135037,0.00220605,37.4692378328742,FALSE
"APOE_included","forward_primary","rs791270",-0.0194874,0.00298179,42.7123721042669,FALSE
"APOE_included","forward_primary","rs7916396",0.0133303,0.00214624,38.5765404469981,FALSE
"APOE_included","forward_primary","rs7931938",0.0171494,0.00213448,64.5525913000569,FALSE
"APOE_included","forward_primary","rs797192",-0.0147901,0.00215886,46.934615184893,FALSE
"APOE_included","forward_primary","rs797343",0.0204784,0.00229432,79.6680269349726,FALSE
"APOE_included","forward_primary","rs8000803",0.01367,0.00217458,39.5172077617112,FALSE
"APOE_included","forward_primary","rs800881",-0.0197726,0.00214473,84.9928335018974,FALSE
"APOE_included","forward_primary","rs8020977",0.0160255,0.00213795,56.1859966072542,FALSE
"APOE_included","forward_primary","rs8026198",-0.0184851,0.00304499,36.8529168492267,FALSE
"APOE_included","forward_primary","rs80320191",-0.0219567,0.00328765,44.6028882800439,FALSE
"APOE_included","forward_primary","rs833805",0.0680859,0.00349099,380.379545920131,FALSE
"APOE_included","forward_primary","rs847821",-0.0138682,0.00213436,42.2186989909062,FALSE
"APOE_included","forward_primary","rs855791",0.10122,0.00215389,2208.44010902321,FALSE
"APOE_included","forward_primary","rs863678",0.025021,0.00227349,121.122054612887,FALSE
"APOE_included","forward_primary","rs865483",-0.0146876,0.0022226,43.6695838158516,FALSE
"APOE_included","forward_primary","rs871841",0.0210849,0.00213298,97.7168648612736,FALSE
"APOE_included","forward_primary","rs885506",0.0123813,0.00215609,32.9760568243693,FALSE
"APOE_included","forward_primary","rs8887",0.0292483,0.00217458,180.904961679134,FALSE
"APOE_included","forward_primary","rs909236",0.015326,0.00254946,36.1377606851451,FALSE
"APOE_included","forward_primary","rs9302635",-0.0238295,0.00276241,74.4138174950387,FALSE
"APOE_included","forward_primary","rs9303620",0.020338,0.00237546,73.3028807436562,FALSE
"APOE_included","forward_primary","rs9327454",-0.0200071,0.00277196,52.0947991132334,FALSE
"APOE_included","forward_primary","rs9370102",-0.0138663,0.00238078,33.9220939731118,FALSE
"APOE_included","forward_primary","rs9400888",-0.013176,0.00215495,37.3846032888598,FALSE
"APOE_included","forward_primary","rs9403391",-0.0382107,0.00611088,39.0987143042533,FALSE
"APOE_included","forward_primary","rs9456859",-0.0495771,0.0076652,41.8326384042025,FALSE
"APOE_included","forward_primary","rs9633514",0.0237356,0.0022205,114.261224510243,FALSE
"APOE_included","forward_primary","rs9645770",-0.0144573,0.00226735,40.657180288965,FALSE
"APOE_included","forward_primary","rs9690544",0.018411,0.00239626,59.0319160141419,FALSE
"APOE_included","forward_primary","rs972874",-0.0157017,0.0024974,39.5291190753816,FALSE
"APOE_included","forward_primary","rs9816588",0.0357016,0.00357051,99.9803959184773,FALSE
"APOE_included","forward_primary","rs9838674",-0.0140168,0.00256331,29.9016731261407,FALSE
"APOE_included","forward_primary","rs9861140",-0.0119987,0.00215304,31.0573354637849,FALSE
"APOE_included","forward_primary","rs9895661",-0.0372736,0.00283328,173.070755164892,FALSE
"APOE_included","forward_primary","rs9953010",0.0136325,0.00236361,33.2659074753507,FALSE
"APOE_included","forward_primary","rs999010",0.0277804,0.00219669,159.933500705962,FALSE
"APOE_excluded","forward_apoe_exclusion_sensitivity","rs10002832",-0.0181447,0.00332156,29.8411379577211,FALSE
"APOE_excluded","forward_apoe_exclusion_sensitivity","rs10091384",0.0126616,0.00218588,33.5524737907733,FALSE
"APOE_excluded","forward_apoe_exclusion_sensitivity","rs10111737",-0.0131048,0.00237606,30.4190739189268,FALSE
"APOE_excluded","forward_apoe_exclusion_sensitivity","rs1016144",0.0169764,0.00246805,47.3133055981876,FALSE
"APOE_excluded","forward_apoe_exclusion_sensitivity","rs10265221",-0.0684015,0.00235288,845.145911672495,FALSE
"APOE_excluded","forward_apoe_exclusion_sensitivity","rs1043893",-0.0121966,0.00221565,30.3022758544432,FALSE
"APOE_excluded","forward_apoe_exclusion_sensitivity","rs10449775",0.013706,0.00213397,41.2519835208867,FALSE
"APOE_excluded","forward_apoe_exclusion_sensitivity","rs1062601",0.0231614,0.00213988,117.152287904637,FALSE
"APOE_excluded","forward_apoe_exclusion_sensitivity","rs1075871",-0.0199046,0.00213387,87.0103656075681,FALSE
"APOE_excluded","forward_apoe_exclusion_sensitivity","rs10779596",0.0164135,0.00227661,51.9786649546629,FALSE
"APOE_excluded","forward_apoe_exclusion_sensitivity","rs10812219",0.014513,0.00265523,29.8751502368938,FALSE
"APOE_excluded","forward_apoe_exclusion_sensitivity","rs10840457",0.0199132,0.00229488,75.2943085063935,FALSE
"APOE_excluded","forward_apoe_exclusion_sensitivity","rs10859044",0.0158608,0.00236619,44.9315032133271,FALSE
"APOE_excluded","forward_apoe_exclusion_sensitivity","rs10898979",0.01256,0.00213371,34.6504192405026,FALSE
"APOE_excluded","forward_apoe_exclusion_sensitivity","rs10900027",0.0214638,0.00242021,78.6515206553299,FALSE
"APOE_excluded","forward_apoe_exclusion_sensitivity","rs10904089",0.0159163,0.00216652,53.9707965376911,FALSE
"APOE_excluded","forward_apoe_exclusion_sensitivity","rs10956934",-0.0248437,0.00213529,135.368875171224,FALSE
"APOE_excluded","forward_apoe_exclusion_sensitivity","rs10958605",0.0144421,0.00214835,45.1908617722342,FALSE
"APOE_excluded","forward_apoe_exclusion_sensitivity","rs11056375",-0.0150884,0.00226808,44.2557433443715,FALSE
"APOE_excluded","forward_apoe_exclusion_sensitivity","rs11098259",0.0252854,0.00319409,62.6679312617455,FALSE
"APOE_excluded","forward_apoe_exclusion_sensitivity","rs11122219",0.0143138,0.00250238,32.7192521606969,FALSE
"APOE_excluded","forward_apoe_exclusion_sensitivity","rs11124926",-0.0196277,0.0021329,84.6833118360389,FALSE
"APOE_excluded","forward_apoe_exclusion_sensitivity","rs111979456",0.0145342,0.00245531,35.0404438695707,FALSE
"APOE_excluded","forward_apoe_exclusion_sensitivity","rs112524225",-0.0320649,0.00571032,31.5310829494354,FALSE
"APOE_excluded","forward_apoe_exclusion_sensitivity","rs11258533",0.0163895,0.0021671,57.1970335081829,FALSE
"APOE_excluded","forward_apoe_exclusion_sensitivity","rs112597538",0.0170114,0.0021384,63.2852094209054,FALSE
"APOE_excluded","forward_apoe_exclusion_sensitivity","rs113051151",0.0244336,0.00356318,47.0218157676355,FALSE
"APOE_excluded","forward_apoe_exclusion_sensitivity","rs113670117",-0.03085,0.00375552,67.4792393508593,FALSE
"APOE_excluded","forward_apoe_exclusion_sensitivity","rs114922507",-0.0305213,0.00515303,35.0817067253527,FALSE
"APOE_excluded","forward_apoe_exclusion_sensitivity","rs11556924",-0.0171029,0.00218432,61.3065657049035,FALSE
"APOE_excluded","forward_apoe_exclusion_sensitivity","rs11615482",-0.0220146,0.00260399,71.4731583153027,FALSE
"APOE_excluded","forward_apoe_exclusion_sensitivity","rs11641118",0.0254988,0.00271966,87.9043278442691,FALSE
"APOE_excluded","forward_apoe_exclusion_sensitivity","rs11686019",0.0146899,0.00249484,34.6698754705446,FALSE
"APOE_excluded","forward_apoe_exclusion_sensitivity","rs116924736",0.0371583,0.00619597,35.9660762625271,FALSE
"APOE_excluded","forward_apoe_exclusion_sensitivity","rs11694902",0.0305995,0.0030635,99.7683732253557,FALSE
"APOE_excluded","forward_apoe_exclusion_sensitivity","rs11704728",0.0159895,0.00268876,35.3643507594645,FALSE
"APOE_excluded","forward_apoe_exclusion_sensitivity","rs11720019",0.0158761,0.00220504,51.8387722744389,FALSE
"APOE_excluded","forward_apoe_exclusion_sensitivity","rs1175550",0.0326381,0.00255302,163.433583541199,FALSE
"APOE_excluded","forward_apoe_exclusion_sensitivity","rs11758702",0.133977,0.00807274,275.434645574194,FALSE
"APOE_excluded","forward_apoe_exclusion_sensitivity","rs11784090",0.0201851,0.00311393,42.0188458714589,FALSE
"APOE_excluded","forward_apoe_exclusion_sensitivity","rs11978933",0.0126528,0.00217519,33.8359902069208,FALSE
"APOE_excluded","forward_apoe_exclusion_sensitivity","rs12035773",0.0127062,0.00213012,35.5814165415794,FALSE
"APOE_excluded","forward_apoe_exclusion_sensitivity","rs12120512",0.0180297,0.00324034,30.9596353683149,FALSE
"APOE_excluded","forward_apoe_exclusion_sensitivity","rs12192672",0.0270941,0.00232925,135.306060782622,FALSE
"APOE_excluded","forward_apoe_exclusion_sensitivity","rs12265787",0.0136374,0.00233356,34.1527134533818,FALSE
"APOE_excluded","forward_apoe_exclusion_sensitivity","rs1232605",-0.0125029,0.00217971,32.9021351533159,FALSE
"APOE_excluded","forward_apoe_exclusion_sensitivity","rs1239682",-0.0162294,0.00214073,57.4752856033455,FALSE
"APOE_excluded","forward_apoe_exclusion_sensitivity","rs1256061",-0.0250164,0.00214058,136.579870980612,FALSE
"APOE_excluded","forward_apoe_exclusion_sensitivity","rs1257415",0.0152783,0.00214257,50.8487202933768,FALSE
"APOE_excluded","forward_apoe_exclusion_sensitivity","rs12742784",0.0212295,0.00262899,65.2081175637306,FALSE
"APOE_excluded","forward_apoe_exclusion_sensitivity","rs12772945",-0.0189465,0.00311934,36.8920305636202,FALSE
"APOE_excluded","forward_apoe_exclusion_sensitivity","rs12800440",-0.0158564,0.00255755,38.4380121857743,FALSE
"APOE_excluded","forward_apoe_exclusion_sensitivity","rs12811512",-0.0315647,0.00296651,113.217014560588,FALSE
"APOE_excluded","forward_apoe_exclusion_sensitivity","rs128494",0.0334136,0.00254957,171.756292926205,FALSE
"APOE_excluded","forward_apoe_exclusion_sensitivity","rs12881869",-0.0298012,0.00416013,51.3161067557144,FALSE
"APOE_excluded","forward_apoe_exclusion_sensitivity","rs12889267",-0.0242016,0.00285177,72.0210030195058,FALSE
"APOE_excluded","forward_apoe_exclusion_sensitivity","rs12894354",0.014257,0.0022351,40.6876289302268,FALSE
"APOE_excluded","forward_apoe_exclusion_sensitivity","rs12967734",-0.0254829,0.00355808,51.2939663835036,FALSE
"APOE_excluded","forward_apoe_exclusion_sensitivity","rs12987661",0.0207983,0.00320821,42.0271654983194,FALSE
"APOE_excluded","forward_apoe_exclusion_sensitivity","rs13005282",-0.0145349,0.00222282,42.7578150985037,FALSE
"APOE_excluded","forward_apoe_exclusion_sensitivity","rs13007705",0.0153928,0.00214679,51.4110088156857,FALSE
"APOE_excluded","forward_apoe_exclusion_sensitivity","rs13033531",-0.0128867,0.00223926,33.1187847076723,FALSE
"APOE_excluded","forward_apoe_exclusion_sensitivity","rs13080281",-0.0195935,0.00247697,62.5723620079257,FALSE
"APOE_excluded","forward_apoe_exclusion_sensitivity","rs13103534",-0.0175928,0.00218333,64.9278716183134,FALSE
"APOE_excluded","forward_apoe_exclusion_sensitivity","rs13107325",0.050046,0.00406064,151.89719930219,FALSE
"APOE_excluded","forward_apoe_exclusion_sensitivity","rs13145825",0.0134254,0.00215217,38.9135920373145,FALSE
"APOE_excluded","forward_apoe_exclusion_sensitivity","rs13207351",-0.0331975,0.00212545,243.954578539569,FALSE
"APOE_excluded","forward_apoe_exclusion_sensitivity","rs13306780",-0.0262526,0.00234569,125.257405019356,FALSE
"APOE_excluded","forward_apoe_exclusion_sensitivity","rs13389219",-0.0193156,0.00217216,79.0738314060607,FALSE
"APOE_excluded","forward_apoe_exclusion_sensitivity","rs1340817",-0.0234,0.0022345,109.665745892454,FALSE
"APOE_excluded","forward_apoe_exclusion_sensitivity","rs13415550",0.0153445,0.00260333,34.7413777085703,FALSE
"APOE_excluded","forward_apoe_exclusion_sensitivity","rs1354674",-0.0237929,0.00332321,51.260069005508,FALSE
"APOE_excluded","forward_apoe_exclusion_sensitivity","rs13621",-0.0173405,0.00228676,57.5018818373421,FALSE
"APOE_excluded","forward_apoe_exclusion_sensitivity","rs1373866",0.0135724,0.00230334,34.7213978950311,FALSE
"APOE_excluded","forward_apoe_exclusion_sensitivity","rs138058297",-0.0202749,0.00327339,38.3638283381024,FALSE
"APOE_excluded","forward_apoe_exclusion_sensitivity","rs142552223",-0.0342414,0.00550779,38.6498915477484,FALSE
"APOE_excluded","forward_apoe_exclusion_sensitivity","rs1426374",-0.0163352,0.00234109,48.686963849629,FALSE
"APOE_excluded","forward_apoe_exclusion_sensitivity","rs1427445",-0.0207235,0.00213489,94.2269654340271,FALSE
"APOE_excluded","forward_apoe_exclusion_sensitivity","rs1438898",0.0276432,0.00246314,125.95007714832,FALSE
"APOE_excluded","forward_apoe_exclusion_sensitivity","rs143991670",0.0270987,0.00309874,76.4762593979925,FALSE
"APOE_excluded","forward_apoe_exclusion_sensitivity","rs147804508",0.0655968,0.0109318,36.0065865907851,FALSE
"APOE_excluded","forward_apoe_exclusion_sensitivity","rs1479559",0.0276354,0.00318746,75.1695626017752,FALSE
"APOE_excluded","forward_apoe_exclusion_sensitivity","rs148102803",-0.0180161,0.00290769,38.3906408530199,FALSE
"APOE_excluded","forward_apoe_exclusion_sensitivity","rs148462165",0.0167231,0.00245905,46.2486281245402,FALSE
"APOE_excluded","forward_apoe_exclusion_sensitivity","rs148967402",0.051797,0.00772274,44.984861333895,FALSE
"APOE_excluded","forward_apoe_exclusion_sensitivity","rs150844304",-0.0951662,0.00679515,196.140537165997,FALSE
"APOE_excluded","forward_apoe_exclusion_sensitivity","rs1539009",-0.0144586,0.0021899,43.5917113266287,FALSE
"APOE_excluded","forward_apoe_exclusion_sensitivity","rs165944",-0.0167524,0.0025167,44.3089205723757,FALSE
"APOE_excluded","forward_apoe_exclusion_sensitivity","rs1678960",0.0157387,0.00281623,31.2321206334689,FALSE
"APOE_excluded","forward_apoe_exclusion_sensitivity","rs16874060",0.0481084,0.00501853,91.8943430348525,FALSE
"APOE_excluded","forward_apoe_exclusion_sensitivity","rs16909970",-0.0132771,0.00226851,34.2550855463858,FALSE
"APOE_excluded","forward_apoe_exclusion_sensitivity","rs16942751",-0.0216372,0.00379725,32.4686130407663,FALSE
"APOE_excluded","forward_apoe_exclusion_sensitivity","rs16956623",0.0154776,0.00237858,42.3420335171373,FALSE
"APOE_excluded","forward_apoe_exclusion_sensitivity","rs17003427",0.033371,0.00508509,43.0666562920289,FALSE
"APOE_excluded","forward_apoe_exclusion_sensitivity","rs17006441",0.0236806,0.00216394,119.755363775268,FALSE
"APOE_excluded","forward_apoe_exclusion_sensitivity","rs17185135",-0.0199922,0.00325221,37.7888794340605,FALSE
"APOE_excluded","forward_apoe_exclusion_sensitivity","rs17278406",-0.0350711,0.00233558,225.480651012564,FALSE
"APOE_excluded","forward_apoe_exclusion_sensitivity","rs174574",-0.0304162,0.00223204,185.697460208227,FALSE
"APOE_excluded","forward_apoe_exclusion_sensitivity","rs17476364",0.149026,0.00341991,1898.86782289003,FALSE
"APOE_excluded","forward_apoe_exclusion_sensitivity","rs17645325",-0.0181707,0.00323576,31.53484584722,FALSE
"APOE_excluded","forward_apoe_exclusion_sensitivity","rs17654742",0.0295032,0.0029617,99.2329988308528,FALSE
"APOE_excluded","forward_apoe_exclusion_sensitivity","rs17672797",-0.0120613,0.00215193,31.4146307524127,FALSE
"APOE_excluded","forward_apoe_exclusion_sensitivity","rs17680229",-0.024648,0.00297211,68.7754772458802,FALSE
"APOE_excluded","forward_apoe_exclusion_sensitivity","rs17816693",0.0211103,0.00278035,57.6487467738221,FALSE
"APOE_excluded","forward_apoe_exclusion_sensitivity","rs1800562",0.189783,0.00400401,2246.59251722594,FALSE
"APOE_excluded","forward_apoe_exclusion_sensitivity","rs1800961",0.0725911,0.0061426,139.656863489059,FALSE
"APOE_excluded","forward_apoe_exclusion_sensitivity","rs181669",0.0127155,0.00213568,35.4482274099309,FALSE
"APOE_excluded","forward_apoe_exclusion_sensitivity","rs184088518",-0.118949,0.00727042,267.671782167929,FALSE
"APOE_excluded","forward_apoe_exclusion_sensitivity","rs1855557",0.014489,0.00213408,46.0951713125243,FALSE
"APOE_excluded","forward_apoe_exclusion_sensitivity","rs1863127",0.015054,0.00213246,49.8358690823292,FALSE
"APOE_excluded","forward_apoe_exclusion_sensitivity","rs1923032",-0.0150565,0.00237999,40.0219082848726,FALSE
"APOE_excluded","forward_apoe_exclusion_sensitivity","rs1949481",0.0126251,0.00214228,34.7309919104186,FALSE
"APOE_excluded","forward_apoe_exclusion_sensitivity","rs1987070",0.0202394,0.00241668,70.1385803710091,FALSE
"APOE_excluded","forward_apoe_exclusion_sensitivity","rs2002905",-0.0219947,0.00255578,74.0609282261645,FALSE
"APOE_excluded","forward_apoe_exclusion_sensitivity","rs2020971",-0.0155639,0.00278598,31.2090734073218,FALSE
"APOE_excluded","forward_apoe_exclusion_sensitivity","rs2043082",-0.018001,0.00223079,65.1142264868804,FALSE
"APOE_excluded","forward_apoe_exclusion_sensitivity","rs2070895",-0.0231314,0.00257697,80.5721795787745,FALSE
"APOE_excluded","forward_apoe_exclusion_sensitivity","rs2093380",-0.0161417,0.00230683,48.9629258260429,FALSE
"APOE_excluded","forward_apoe_exclusion_sensitivity","rs2184540",0.0174917,0.00250599,48.7197861160044,FALSE
"APOE_excluded","forward_apoe_exclusion_sensitivity","rs2209098",-0.0205705,0.00229334,80.4549564590192,FALSE
"APOE_excluded","forward_apoe_exclusion_sensitivity","rs2226376",-0.0200534,0.00310704,41.6564584703387,FALSE
"APOE_excluded","forward_apoe_exclusion_sensitivity","rs2228445",-0.0414811,0.00356899,135.085852185845,FALSE
"APOE_excluded","forward_apoe_exclusion_sensitivity","rs2243314",-0.0278956,0.00231541,145.149520243335,FALSE
"APOE_excluded","forward_apoe_exclusion_sensitivity","rs2293767",0.0332894,0.00235414,199.961949385429,FALSE
"APOE_excluded","forward_apoe_exclusion_sensitivity","rs2294915",0.0299607,0.00252552,140.735055179741,FALSE
"APOE_excluded","forward_apoe_exclusion_sensitivity","rs2303937",0.0139904,0.00215807,42.0270791728061,FALSE
"APOE_excluded","forward_apoe_exclusion_sensitivity","rs241812",0.0127303,0.00230328,30.548071858869,FALSE
"APOE_excluded","forward_apoe_exclusion_sensitivity","rs2426160",-0.0197589,0.00223154,78.4000202251398,FALSE
"APOE_excluded","forward_apoe_exclusion_sensitivity","rs2449749",0.0204861,0.00336275,37.1132864766407,FALSE
"APOE_excluded","forward_apoe_exclusion_sensitivity","rs2469076",0.0139536,0.00233296,35.7732133826923,FALSE
"APOE_excluded","forward_apoe_exclusion_sensitivity","rs2519093",-0.0849069,0.00275241,951.611574101171,FALSE
"APOE_excluded","forward_apoe_exclusion_sensitivity","rs2541119",-0.0398467,0.00609893,42.6852100175026,FALSE
"APOE_excluded","forward_apoe_exclusion_sensitivity","rs2542404",0.0143064,0.00226054,40.0531184174715,FALSE
"APOE_excluded","forward_apoe_exclusion_sensitivity","rs2561566",0.029474,0.00327812,80.8404018055726,FALSE
"APOE_excluded","forward_apoe_exclusion_sensitivity","rs2576161",0.0128355,0.00217468,34.836527758886,FALSE
"APOE_excluded","forward_apoe_exclusion_sensitivity","rs258753",-0.0157842,0.00228975,47.5191884481272,FALSE
"APOE_excluded","forward_apoe_exclusion_sensitivity","rs2613522",0.0189884,0.00239792,62.7057495613656,FALSE
"APOE_excluded","forward_apoe_exclusion_sensitivity","rs2760537",0.0198907,0.00299892,43.991662350017,FALSE
"APOE_excluded","forward_apoe_exclusion_sensitivity","rs2823139",-0.0308336,0.00226839,184.762155395343,FALSE
"APOE_excluded","forward_apoe_exclusion_sensitivity","rs2834287",-0.0289467,0.0027916,107.520615303477,FALSE
"APOE_excluded","forward_apoe_exclusion_sensitivity","rs2835435",-0.0316199,0.00260408,147.438987591847,FALSE
"APOE_excluded","forward_apoe_exclusion_sensitivity","rs28418580",0.0153326,0.00214981,50.8664529617719,FALSE
"APOE_excluded","forward_apoe_exclusion_sensitivity","rs28606370",-0.0154928,0.0022537,47.2571601329903,FALSE
"APOE_excluded","forward_apoe_exclusion_sensitivity","rs2870238",0.026815,0.00213036,158.434444092538,FALSE
"APOE_excluded","forward_apoe_exclusion_sensitivity","rs2871974",0.0133583,0.00222252,36.1252640058062,FALSE
"APOE_excluded","forward_apoe_exclusion_sensitivity","rs290671",0.0137791,0.00226517,37.0032697440318,FALSE
"APOE_excluded","forward_apoe_exclusion_sensitivity","rs2934849",-0.0146562,0.00220349,44.2405581764916,FALSE
"APOE_excluded","forward_apoe_exclusion_sensitivity","rs2943637",0.0168446,0.00212417,62.8843915360745,FALSE
"APOE_excluded","forward_apoe_exclusion_sensitivity","rs2946844",0.0221006,0.0029258,57.0583038621504,FALSE
"APOE_excluded","forward_apoe_exclusion_sensitivity","rs2950015",0.0482432,0.00254317,359.849936559241,FALSE
"APOE_excluded","forward_apoe_exclusion_sensitivity","rs2970870",-0.0126031,0.00217399,33.6077687533324,FALSE
"APOE_excluded","forward_apoe_exclusion_sensitivity","rs3012053",0.0161399,0.00235659,46.906563684934,FALSE
"APOE_excluded","forward_apoe_exclusion_sensitivity","rs3112629",-0.0153226,0.00260718,34.5400448260603,FALSE
"APOE_excluded","forward_apoe_exclusion_sensitivity","rs3132136",-0.0188989,0.00260925,52.4616166717474,FALSE
"APOE_excluded","forward_apoe_exclusion_sensitivity","rs3184504",-0.0679936,0.00213004,1018.96801939191,FALSE
"APOE_excluded","forward_apoe_exclusion_sensitivity","rs3213545",0.0252117,0.00238877,111.392407150265,FALSE
"APOE_excluded","forward_apoe_exclusion_sensitivity","rs332362",0.0124371,0.00219456,32.117618439881,FALSE
"APOE_excluded","forward_apoe_exclusion_sensitivity","rs333947",0.0167898,0.00296719,32.018452086551,FALSE
"APOE_excluded","forward_apoe_exclusion_sensitivity","rs339995",-0.0172914,0.00221364,61.0163644138728,FALSE
"APOE_excluded","forward_apoe_exclusion_sensitivity","rs34235720",0.0134521,0.00236636,32.3160702138257,FALSE
"APOE_excluded","forward_apoe_exclusion_sensitivity","rs34618120",0.012933,0.00223257,33.5574062729003,FALSE
"APOE_excluded","forward_apoe_exclusion_sensitivity","rs34952318",0.0347781,0.00500048,48.3713618371368,FALSE
"APOE_excluded","forward_apoe_exclusion_sensitivity","rs35124400",0.0284353,0.00220722,165.968008830315,FALSE
"APOE_excluded","forward_apoe_exclusion_sensitivity","rs35219107",0.0128006,0.0021485,35.4968599759676,FALSE
"APOE_excluded","forward_apoe_exclusion_sensitivity","rs35240997",-0.0313326,0.00259641,145.628482010018,FALSE
"APOE_excluded","forward_apoe_exclusion_sensitivity","rs35593442",-0.0247569,0.00298853,68.6241985212123,FALSE
"APOE_excluded","forward_apoe_exclusion_sensitivity","rs35679500",0.0232623,0.00263183,78.124929478704,FALSE
"APOE_excluded","forward_apoe_exclusion_sensitivity","rs357282",-0.0252743,0.00317019,63.5605561951528,FALSE
"APOE_excluded","forward_apoe_exclusion_sensitivity","rs36020935",-0.0472976,0.00327049,209.147441914854,FALSE
"APOE_excluded","forward_apoe_exclusion_sensitivity","rs36065733",0.0314998,0.00214183,216.2945606983,FALSE
"APOE_excluded","forward_apoe_exclusion_sensitivity","rs36219252",0.0910264,0.00801803,128.884111106642,FALSE
"APOE_excluded","forward_apoe_exclusion_sensitivity","rs368417629",-0.0467189,0.00253456,339.766114893329,FALSE
"APOE_excluded","forward_apoe_exclusion_sensitivity","rs3740689",0.0165885,0.00216153,58.8968000019693,FALSE
"APOE_excluded","forward_apoe_exclusion_sensitivity","rs3741414",0.0226371,0.00248546,82.9522217389602,FALSE
"APOE_excluded","forward_apoe_exclusion_sensitivity","rs3754140",0.0398752,0.00241319,273.037761499831,FALSE
"APOE_excluded","forward_apoe_exclusion_sensitivity","rs3772219",-0.0277841,0.00227079,149.705832529186,FALSE
"APOE_excluded","forward_apoe_exclusion_sensitivity","rs3777891",-0.0139754,0.00226266,38.1495917958861,FALSE
"APOE_excluded","forward_apoe_exclusion_sensitivity","rs3780474",0.0206119,0.00221743,86.4044710362816,FALSE
"APOE_excluded","forward_apoe_exclusion_sensitivity","rs3791020",-0.0164635,0.00249244,43.6309743058412,FALSE
"APOE_excluded","forward_apoe_exclusion_sensitivity","rs3807997",0.0151306,0.0027101,31.1703492216907,FALSE
"APOE_excluded","forward_apoe_exclusion_sensitivity","rs3809627",0.0218503,0.00217603,100.828905104778,FALSE
"APOE_excluded","forward_apoe_exclusion_sensitivity","rs3811444",0.0241785,0.00224738,115.745918439926,FALSE
"APOE_excluded","forward_apoe_exclusion_sensitivity","rs3814570",0.0141766,0.00235495,36.2393825927583,FALSE
"APOE_excluded","forward_apoe_exclusion_sensitivity","rs3859158",0.0184872,0.00274844,45.2449130692382,FALSE
"APOE_excluded","forward_apoe_exclusion_sensitivity","rs3925798",-0.0123455,0.0021481,33.029985070802,FALSE
"APOE_excluded","forward_apoe_exclusion_sensitivity","rs3932815",-0.0181743,0.00234916,59.8535880892865,FALSE
"APOE_excluded","forward_apoe_exclusion_sensitivity","rs4074995",0.0281108,0.00240628,136.47530946936,FALSE
"APOE_excluded","forward_apoe_exclusion_sensitivity","rs41278174",0.0524204,0.00655803,63.8930857387846,FALSE
"APOE_excluded","forward_apoe_exclusion_sensitivity","rs4233937",0.0150982,0.00217496,48.1889873001322,FALSE
"APOE_excluded","forward_apoe_exclusion_sensitivity","rs4240624",-0.0314424,0.00370464,72.0343021979561,FALSE
"APOE_excluded","forward_apoe_exclusion_sensitivity","rs4322206",-0.0123567,0.00212714,33.7452660828028,FALSE
"APOE_excluded","forward_apoe_exclusion_sensitivity","rs4456287",-0.0175607,0.0025918,45.9071864081702,FALSE
"APOE_excluded","forward_apoe_exclusion_sensitivity","rs448182",-0.015854,0.00214192,54.7862046730313,FALSE
"APOE_excluded","forward_apoe_exclusion_sensitivity","rs464605",0.0206462,0.00244281,71.4333276437765,FALSE
"APOE_excluded","forward_apoe_exclusion_sensitivity","rs4660253",-0.0203162,0.00222984,83.0113650435368,FALSE
"APOE_excluded","forward_apoe_exclusion_sensitivity","rs4683603",0.0155617,0.00218034,50.9407849468984,FALSE
"APOE_excluded","forward_apoe_exclusion_sensitivity","rs4760682",-0.0476284,0.00272872,304.659017073245,FALSE
"APOE_excluded","forward_apoe_exclusion_sensitivity","rs4837834",-0.0122426,0.00213742,32.8070803754231,FALSE
"APOE_excluded","forward_apoe_exclusion_sensitivity","rs4886755",-0.0357024,0.0021328,280.217051262065,FALSE
"APOE_excluded","forward_apoe_exclusion_sensitivity","rs4895441",-0.0518145,0.00238663,471.33797591614,FALSE
"APOE_excluded","forward_apoe_exclusion_sensitivity","rs4899258",0.0157874,0.00235836,44.8126910928968,FALSE
"APOE_excluded","forward_apoe_exclusion_sensitivity","rs4925184",0.0334781,0.00415373,64.9598596913215,FALSE
"APOE_excluded","forward_apoe_exclusion_sensitivity","rs4985717",-0.0159591,0.00241178,43.7866191007798,FALSE
"APOE_excluded","forward_apoe_exclusion_sensitivity","rs5369",-0.0258161,0.00324596,63.255011919527,FALSE
"APOE_excluded","forward_apoe_exclusion_sensitivity","rs55675467",-0.0175726,0.00304461,33.3126136396102,FALSE
"APOE_excluded","forward_apoe_exclusion_sensitivity","rs55731973",-0.025097,0.00236023,113.066765609384,FALSE
"APOE_excluded","forward_apoe_exclusion_sensitivity","rs55733296",-0.0702214,0.00554413,160.425040323441,FALSE
"APOE_excluded","forward_apoe_exclusion_sensitivity","rs55781197",0.0364845,0.00333429,119.731950620643,FALSE
"APOE_excluded","forward_apoe_exclusion_sensitivity","rs55971447",0.0336366,0.00328445,104.881495577899,FALSE
"APOE_excluded","forward_apoe_exclusion_sensitivity","rs56011044",-0.0326889,0.00363767,80.7521355239662,FALSE
"APOE_excluded","forward_apoe_exclusion_sensitivity","rs56085610",-0.0328586,0.00377223,75.8755377278441,FALSE
"APOE_excluded","forward_apoe_exclusion_sensitivity","rs56262900",0.03021,0.00352309,73.5282068975788,FALSE
"APOE_excluded","forward_apoe_exclusion_sensitivity","rs56316046",-0.027357,0.0021388,163.605006708718,FALSE
"APOE_excluded","forward_apoe_exclusion_sensitivity","rs564640",-0.0148788,0.00219721,45.8556314518351,FALSE
"APOE_excluded","forward_apoe_exclusion_sensitivity","rs565728",-0.0149082,0.00228739,42.4785794157796,FALSE
"APOE_excluded","forward_apoe_exclusion_sensitivity","rs5751348",0.0278528,0.00213554,170.107045047648,FALSE
"APOE_excluded","forward_apoe_exclusion_sensitivity","rs5754100",-0.0172548,0.0027398,39.6626873779715,FALSE
"APOE_excluded","forward_apoe_exclusion_sensitivity","rs58030780",-0.0117008,0.00214357,29.7958494701098,FALSE
"APOE_excluded","forward_apoe_exclusion_sensitivity","rs58365266",0.0174849,0.0025856,45.7302554605194,FALSE
"APOE_excluded","forward_apoe_exclusion_sensitivity","rs58542926",0.0317177,0.00405435,61.2013355372701,FALSE
"APOE_excluded","forward_apoe_exclusion_sensitivity","rs59271985",0.0188472,0.00317124,35.3212005672007,FALSE
"APOE_excluded","forward_apoe_exclusion_sensitivity","rs5995385",-0.0229992,0.00213367,116.190590216886,FALSE
"APOE_excluded","forward_apoe_exclusion_sensitivity","rs6016505",0.0145559,0.00214338,46.1189890351218,FALSE
"APOE_excluded","forward_apoe_exclusion_sensitivity","rs60235509",-0.0138704,0.00250228,30.7260095879375,FALSE
"APOE_excluded","forward_apoe_exclusion_sensitivity","rs6108787",0.0121154,0.00214104,32.0203409872035,FALSE
"APOE_excluded","forward_apoe_exclusion_sensitivity","rs61880662",-0.0217235,0.00310007,49.1039688748074,FALSE
"APOE_excluded","forward_apoe_exclusion_sensitivity","rs62022865",0.0193732,0.0030955,39.1688758278733,FALSE
"APOE_excluded","forward_apoe_exclusion_sensitivity","rs62311296",0.0145254,0.00213162,46.4340568637689,FALSE
"APOE_excluded","forward_apoe_exclusion_sensitivity","rs62398471",-0.0150739,0.00241741,38.8821822053971,FALSE
"APOE_excluded","forward_apoe_exclusion_sensitivity","rs62435145",-0.0373358,0.00237676,246.763125989278,FALSE
"APOE_excluded","forward_apoe_exclusion_sensitivity","rs6415788",-0.02412,0.00220626,119.520176148617,FALSE
"APOE_excluded","forward_apoe_exclusion_sensitivity","rs6428637",0.0138517,0.00215267,41.4048520524685,FALSE
"APOE_excluded","forward_apoe_exclusion_sensitivity","rs643381",-0.0168118,0.00212807,62.4103489551744,FALSE
"APOE_excluded","forward_apoe_exclusion_sensitivity","rs643884",0.0218145,0.00292738,55.530594577742,FALSE
"APOE_excluded","forward_apoe_exclusion_sensitivity","rs6465351",-0.0187511,0.00213129,77.4048913488509,FALSE
"APOE_excluded","forward_apoe_exclusion_sensitivity","rs6474401",-0.0270538,0.00218663,153.075591324016,FALSE
"APOE_excluded","forward_apoe_exclusion_sensitivity","rs6602909",0.0221724,0.00228065,94.5166079179871,FALSE
"APOE_excluded","forward_apoe_exclusion_sensitivity","rs66514362",-0.0237095,0.00413152,32.93252816661,FALSE
"APOE_excluded","forward_apoe_exclusion_sensitivity","rs66530629",0.0187523,0.00244957,58.604285494978,FALSE
"APOE_excluded","forward_apoe_exclusion_sensitivity","rs6679233",0.0137763,0.00227539,36.6567107897535,FALSE
"APOE_excluded","forward_apoe_exclusion_sensitivity","rs6690625",0.0190782,0.00267574,50.837826248174,FALSE
"APOE_excluded","forward_apoe_exclusion_sensitivity","rs6702992",-0.0133753,0.00220783,36.7008229854174,FALSE
"APOE_excluded","forward_apoe_exclusion_sensitivity","rs6733795",-0.0119429,0.00214826,30.906221132469,FALSE
"APOE_excluded","forward_apoe_exclusion_sensitivity","rs6775517",-0.0216378,0.00221206,95.6824747104107,FALSE
"APOE_excluded","forward_apoe_exclusion_sensitivity","rs6864465",-0.0144883,0.00220949,42.9982499050165,FALSE
"APOE_excluded","forward_apoe_exclusion_sensitivity","rs6967414",0.0243489,0.00345115,49.777263834576,FALSE
"APOE_excluded","forward_apoe_exclusion_sensitivity","rs6972333",-0.0125537,0.00213389,34.6098275637854,FALSE
"APOE_excluded","forward_apoe_exclusion_sensitivity","rs7004509",-0.0196544,0.00214074,84.2930431205691,FALSE
"APOE_excluded","forward_apoe_exclusion_sensitivity","rs7032549",0.0183528,0.00216059,72.1539216408911,FALSE
"APOE_excluded","forward_apoe_exclusion_sensitivity","rs71450364",0.018579,0.00229107,65.7609308923131,FALSE
"APOE_excluded","forward_apoe_exclusion_sensitivity","rs71518321",0.0223135,0.00217369,105.375628893885,FALSE
"APOE_excluded","forward_apoe_exclusion_sensitivity","rs715880",0.0139674,0.00213975,42.6093659093453,FALSE
"APOE_excluded","forward_apoe_exclusion_sensitivity","rs7182622",-0.0189438,0.00311041,37.0935945781861,FALSE
"APOE_excluded","forward_apoe_exclusion_sensitivity","rs7244849",-0.0142129,0.00244543,33.7796331948139,FALSE
"APOE_excluded","forward_apoe_exclusion_sensitivity","rs72717436",0.0181457,0.00217194,69.7994186768494,FALSE
"APOE_excluded","forward_apoe_exclusion_sensitivity","rs72730598",0.0205039,0.00226064,82.2640590579917,FALSE
"APOE_excluded","forward_apoe_exclusion_sensitivity","rs72752884",0.0452605,0.00337581,179.755713838956,FALSE
"APOE_excluded","forward_apoe_exclusion_sensitivity","rs73245347",0.0132462,0.00241245,30.1485183829366,FALSE
"APOE_excluded","forward_apoe_exclusion_sensitivity","rs743590",-0.0129774,0.00220049,34.7805610577576,FALSE
"APOE_excluded","forward_apoe_exclusion_sensitivity","rs74417235",0.0305554,0.00365164,70.0164416591657,FALSE
"APOE_excluded","forward_apoe_exclusion_sensitivity","rs74626145",0.0228096,0.00345134,43.6777088541265,FALSE
"APOE_excluded","forward_apoe_exclusion_sensitivity","rs7464181",0.0133805,0.00216164,38.3158044805017,FALSE
"APOE_excluded","forward_apoe_exclusion_sensitivity","rs747578",0.0157682,0.00236878,44.3113298875697,FALSE
"APOE_excluded","forward_apoe_exclusion_sensitivity","rs752590",0.0314183,0.00260331,145.651040445929,FALSE
"APOE_excluded","forward_apoe_exclusion_sensitivity","rs7550758",0.0152964,0.00212222,51.9514480980389,FALSE
"APOE_excluded","forward_apoe_exclusion_sensitivity","rs75792643",0.0326574,0.00229709,202.119022387445,FALSE
"APOE_excluded","forward_apoe_exclusion_sensitivity","rs7647352",-0.0123098,0.00217856,31.9273551346507,FALSE
"APOE_excluded","forward_apoe_exclusion_sensitivity","rs7676376",0.0141821,0.0023789,35.540923960762,FALSE
"APOE_excluded","forward_apoe_exclusion_sensitivity","rs7697279",-0.021246,0.00356638,35.4894380764291,FALSE
"APOE_excluded","forward_apoe_exclusion_sensitivity","rs7701575",-0.0286485,0.0044239,41.9365957044733,FALSE
"APOE_excluded","forward_apoe_exclusion_sensitivity","rs77486408",-0.0312135,0.00432065,52.1899359953276,FALSE
"APOE_excluded","forward_apoe_exclusion_sensitivity","rs77541036",0.0441005,0.00553944,63.3804475287935,FALSE
"APOE_excluded","forward_apoe_exclusion_sensitivity","rs77542162",0.0905271,0.00716194,159.770229711565,FALSE
"APOE_excluded","forward_apoe_exclusion_sensitivity","rs7766720",-0.0253342,0.00394441,41.2525013484867,FALSE
"APOE_excluded","forward_apoe_exclusion_sensitivity","rs78622623",0.0131763,0.00235751,31.2377583919137,FALSE
"APOE_excluded","forward_apoe_exclusion_sensitivity","rs78839561",0.0135037,0.00220605,37.4692378328742,FALSE
"APOE_excluded","forward_apoe_exclusion_sensitivity","rs791270",-0.0194874,0.00298179,42.7123721042669,FALSE
"APOE_excluded","forward_apoe_exclusion_sensitivity","rs7916396",0.0133303,0.00214624,38.5765404469981,FALSE
"APOE_excluded","forward_apoe_exclusion_sensitivity","rs7931938",0.0171494,0.00213448,64.5525913000569,FALSE
"APOE_excluded","forward_apoe_exclusion_sensitivity","rs797192",-0.0147901,0.00215886,46.934615184893,FALSE
"APOE_excluded","forward_apoe_exclusion_sensitivity","rs797343",0.0204784,0.00229432,79.6680269349726,FALSE
"APOE_excluded","forward_apoe_exclusion_sensitivity","rs8000803",0.01367,0.00217458,39.5172077617112,FALSE
"APOE_excluded","forward_apoe_exclusion_sensitivity","rs800881",-0.0197726,0.00214473,84.9928335018974,FALSE
"APOE_excluded","forward_apoe_exclusion_sensitivity","rs8020977",0.0160255,0.00213795,56.1859966072542,FALSE
"APOE_excluded","forward_apoe_exclusion_sensitivity","rs8026198",-0.0184851,0.00304499,36.8529168492267,FALSE
"APOE_excluded","forward_apoe_exclusion_sensitivity","rs80320191",-0.0219567,0.00328765,44.6028882800439,FALSE
"APOE_excluded","forward_apoe_exclusion_sensitivity","rs833805",0.0680859,0.00349099,380.379545920131,FALSE
"APOE_excluded","forward_apoe_exclusion_sensitivity","rs847821",-0.0138682,0.00213436,42.2186989909062,FALSE
"APOE_excluded","forward_apoe_exclusion_sensitivity","rs855791",0.10122,0.00215389,2208.44010902321,FALSE
"APOE_excluded","forward_apoe_exclusion_sensitivity","rs863678",0.025021,0.00227349,121.122054612887,FALSE
"APOE_excluded","forward_apoe_exclusion_sensitivity","rs865483",-0.0146876,0.0022226,43.6695838158516,FALSE
"APOE_excluded","forward_apoe_exclusion_sensitivity","rs871841",0.0210849,0.00213298,97.7168648612736,FALSE
"APOE_excluded","forward_apoe_exclusion_sensitivity","rs885506",0.0123813,0.00215609,32.9760568243693,FALSE
"APOE_excluded","forward_apoe_exclusion_sensitivity","rs8887",0.0292483,0.00217458,180.904961679134,FALSE
"APOE_excluded","forward_apoe_exclusion_sensitivity","rs909236",0.015326,0.00254946,36.1377606851451,FALSE
"APOE_excluded","forward_apoe_exclusion_sensitivity","rs9302635",-0.0238295,0.00276241,74.4138174950387,FALSE
"APOE_excluded","forward_apoe_exclusion_sensitivity","rs9303620",0.020338,0.00237546,73.3028807436562,FALSE
"APOE_excluded","forward_apoe_exclusion_sensitivity","rs9327454",-0.0200071,0.00277196,52.0947991132334,FALSE
"APOE_excluded","forward_apoe_exclusion_sensitivity","rs9370102",-0.0138663,0.00238078,33.9220939731118,FALSE
"APOE_excluded","forward_apoe_exclusion_sensitivity","rs9400888",-0.013176,0.00215495,37.3846032888598,FALSE
"APOE_excluded","forward_apoe_exclusion_sensitivity","rs9403391",-0.0382107,0.00611088,39.0987143042533,FALSE
"APOE_excluded","forward_apoe_exclusion_sensitivity","rs9456859",-0.0495771,0.0076652,41.8326384042025,FALSE
"APOE_excluded","forward_apoe_exclusion_sensitivity","rs9633514",0.0237356,0.0022205,114.261224510243,FALSE
"APOE_excluded","forward_apoe_exclusion_sensitivity","rs9645770",-0.0144573,0.00226735,40.657180288965,FALSE
"APOE_excluded","forward_apoe_exclusion_sensitivity","rs9690544",0.018411,0.00239626,59.0319160141419,FALSE
"APOE_excluded","forward_apoe_exclusion_sensitivity","rs972874",-0.0157017,0.0024974,39.5291190753816,FALSE
"APOE_excluded","forward_apoe_exclusion_sensitivity","rs9816588",0.0357016,0.00357051,99.9803959184773,FALSE
"APOE_excluded","forward_apoe_exclusion_sensitivity","rs9838674",-0.0140168,0.00256331,29.9016731261407,FALSE
"APOE_excluded","forward_apoe_exclusion_sensitivity","rs9861140",-0.0119987,0.00215304,31.0573354637849,FALSE
"APOE_excluded","forward_apoe_exclusion_sensitivity","rs9895661",-0.0372736,0.00283328,173.070755164892,FALSE
"APOE_excluded","forward_apoe_exclusion_sensitivity","rs9953010",0.0136325,0.00236361,33.2659074753507,FALSE
"APOE_excluded","forward_apoe_exclusion_sensitivity","rs999010",0.0277804,0.00219669,159.933500705962,FALSE
