relative_path,size_bytes,sha256
.gitignore,292,997d5032739b926e9235c17bcf8a943f17e59fe1f303d59ce36659190422e258
CITATION.cff,508,04d3e5cf3bc0fdbf636bc8b2ce4cf8c954c8da950a472206124f450537988ec1
LICENSE,1066,a15d20d57dab5f04faea488ae2d865a392442b9f0bfd0d20583a568266b6dc6b
R/setup_environment.R,881,f95b2960c1f69fb6371fde17e1240cb8d7e673cf02e6dbeea0d1670bbd1c38a7
R/validate_frozen_results.R,2123,758dd479f40ab3cd28edf09f7627ebbe137e49c4b9c7dd396078cb2cc35d3195
README.md,3602,380dbd6a16e55a5712fdec27559535cb9fa466878e8a6f2430a245f7b166d8a6
README_ZH.md,1394,52491716177e755d6273f35bd97e6f6db9fd8f3d806494959d4ec1c12134649f
analysis/frozen_pipeline/00_check_environment.R,1624,ccd3188f63a2cef518466813cd5d1e0b0cc18126d62e0e4918fa07785f5222cb
analysis/frozen_pipeline/02_select_vuckovic_hb_candidates_v3.R,26996,f783f3aca3406c2329eb71f5ad185d0ef0a57b97081b3bf4456487d9f8bbc59f
analysis/frozen_pipeline/03_prepare_vuckovic_clumping_inputs_v1.R,17612,1fdf7e34ad827cbeda8a5bfce9e7a98c1f9eee04687ded04eebc7970f1fa656b
analysis/frozen_pipeline/04_run_vuckovic_clumping_v2.ps1,8338,c15567d592d57f333f9d333ba0a291a46ee1fea9ef13cc68a9d7debf65040df3
analysis/frozen_pipeline/04_validate_vuckovic_clumping_v2.R,10279,c0e9f7ca46da2215b24459cbeeb6855e3222f63383b2a09e0b671ea0ef921344
analysis/frozen_pipeline/05_extract_finngen_r13_outcomes_v9.R,23358,59b9e7cf06a07c01886d7fe59e602796d6d43e39e1b0c86d1dac8fa9ea1c4b27
analysis/frozen_pipeline/05a_certify_finngen_r13_input_v1.R,9373,c99e154b3d110d8aa3b85a34c6b63404aec03dbf96e31bb952e75d080838f885
analysis/frozen_pipeline/06_audit_finngen_r13_extraction_v9_v7.R,30816,9ad584ea9a134ea0d580d53deeb4f5ef45bc0beff7cec4c3d9dcf25aec57a30c
analysis/frozen_pipeline/07_harmonisation_preflight_vuckovic_hb_finngen_r13_v2.R,18005,336b29de1e11d40f480c5d665cf54802b3e1801a88c6522af347190b265027a0
analysis/frozen_pipeline/08_harmonise_vuckovic_hb_finngen_r13_primary_v4.R,25016,442a88d6823d336c4c4661cf5e12d301a26d628d08be9e632e272ec1e795a370
analysis/frozen_pipeline/09_forward_mr_v3_freeze_manifest_v2.R,13167,da781a2082b1fba104404b6444861c9451dd8eefcf0627fa822c66eb7c943f2f
analysis/frozen_pipeline/09_forward_mr_vuckovic_hb_finngen_r13_loo_label_audit_v4.R,16178,4a2af931cb25c3632cbd5bdcb0989455c23c52361bd7d183d4c739a08dda8cd3
analysis/frozen_pipeline/09_forward_mr_vuckovic_hb_finngen_r13_primary_v3.R,29709,8515dd58c0fac65b20d8b09732771d2ee127881ff3791f031b2ba81fe506b08f
analysis/frozen_pipeline/10_certify_finngen_grch38_apoe_region_v1.R,2830,b58da07736af863bafef08ebd3e8c04e9a34022d145a5d308ab282d3f4c059c1
analysis/frozen_pipeline/11_reverse_instruments_finngen_r13_delirium_primary_v4.R,13304,deb5852a028a0196ec38648b519062e3c228ee156b8ef88d4da9bf7eb3109fca
analysis/frozen_pipeline/11_reverse_primary_instruments_v4_freeze_manifest_v3.R,3515,10bd4636b0b2fd3b86bdb3b515f1607fe00ff5ce28012adf0a7f93c6218dccfb
analysis/frozen_pipeline/11_reverse_primary_instruments_v4_precision_audit_v3.R,3585,0363399a601f7623cc246749137c21dfc18c406c8db4b9d0fcf2529bb8477642
analysis/frozen_pipeline/12_extract_vuckovic_hb_reverse_primary_outcomes_v1.R,22333,c54278247cd3f6ac90e9fa2a1d790503936137ec3577796609c9e9bdfc81a1bb
analysis/frozen_pipeline/12_reverse_primary_outcome_extraction_v1_freeze_manifest.R,11849,288a65ece3943804ae7e9916f708b36f0663180714206a33f16f23908417265c
analysis/frozen_pipeline/13_reverse_primary_harmonisation_preflight_v1.R,13227,4857961c3a5498dea8fc43fb052bedb4d93c7fe6ff25e84e0394a90790124f8b
analysis/frozen_pipeline/13_reverse_primary_harmonisation_preflight_v1_freeze_manifest.R,9853,0cd74bfbcf1a88421e3b2f13eb8cdf3a809b5d85ee8a340b5fcbaeced464bf77
analysis/frozen_pipeline/14_reverse_primary_formal_harmonisation_v4.R,15320,2fdc81f05a62fb491fa246f295d06a000789d1a16cc92a42ec3635be8d2e2a93
analysis/frozen_pipeline/14_reverse_primary_formal_harmonisation_v4_freeze_manifest.R,6832,188108a828ef908eddf7a89219530a499c9a2f7994b5a2c099c0afe914f3f73c
analysis/frozen_pipeline/15_reverse_relaxed_instruments_finngen_r13_delirium_p5e-6_v2.R,28510,b78be605653d03a63c79b714f83d2ce2c1bd25695480fa68eff95c09bdfcd9d2
analysis/frozen_pipeline/15_reverse_relaxed_instruments_v2_freeze_manifest.R,11423,8895d509acc68e718c1f50db648096a93a26daeb07f3d4b01d30794cc36aa88e
analysis/frozen_pipeline/16_extract_vuckovic_hb_reverse_relaxed_outcomes_v1.R,25118,33b5c237472cf610ca15abf13f4e716143acb755bd60e4dba5cfbac8a10cb4b2
analysis/frozen_pipeline/16_reverse_relaxed_outcome_extraction_v1_freeze_manifest.R,11942,ae9db245a142b41eb1f5c5bd2db388d4309c36c6ab225af91da52808a0697e07
analysis/frozen_pipeline/17_reverse_relaxed_harmonisation_preflight_v1.R,17262,3ff1ee664e8c9d8c2e030132bc98c78b246c504a4922725a94e8cd164c3a32fc
analysis/frozen_pipeline/17_reverse_relaxed_harmonisation_preflight_v1_freeze_manifest.R,12263,df346840d248bb65de4f9e3f6fcd5ca7a0e52eaaa64afe62fe1a479254b86dac
analysis/frozen_pipeline/18_reverse_relaxed_formal_harmonisation_v3.R,31084,cc1f558279f837c44d85f9b9b4328806ced109f2a765d2cb26c4cb4d6d105f73
analysis/frozen_pipeline/18_reverse_relaxed_formal_harmonisation_v3_freeze_manifest.R,12838,fa1872a83711598d3697e3e7df85519c84c237debcc1fbc2116d079a9f600c87
analysis/frozen_pipeline/18_reverse_relaxed_formal_harmonisation_v3_postrun_closure_audit_v3.R,22441,5acae3cec587d89180362e9eccd5276f0217087d6a1f05658cc87e322c0a3e2a
analysis/frozen_pipeline/19_reverse_strict_primary_mr_v1.R,13772,45d093a559d92af4a67578037d3b0c2a6ded842d3906a98dc5f684bd2cb0c3ec
analysis/frozen_pipeline/19_reverse_strict_primary_mr_v1_freeze_manifest.R,8094,3590c317f978c2c87384b400e2de9ecb873199a7a646b64a7984f59526ad301e
analysis/frozen_pipeline/20_reverse_relaxed_mr_v1.R,29298,1be3e3c4bf1587b7c239b43c7fae57a7d6b284096ac0189e72f7c08441e38a5a
analysis/frozen_pipeline/20_reverse_relaxed_mr_v1_freeze_manifest.R,21152,1c0a1127ff1ed61f41515787f2ec2a693aa02b5ce52005d482f23b61bfb48786
analysis/frozen_pipeline/21_chen_forward_instruments_v2.R,45986,bb45be472df6bcad58454f9d3039977741334ba1986c6640b5cd113e0e6df52a
analysis/frozen_pipeline/21a_chen_forward_instruments_v2_postrun_recovery.R,30723,93e088fa0ce7808bd3545cc04a1a690771a7db5c710997b8e50ba6577e312b87
analysis/frozen_pipeline/21b_chen_forward_instruments_v2_readback_audit.R,10491,4ab3e6c9150dc74d24d87350a5dadd0058d324ee79003c2a1deab1618fccd3f1
analysis/frozen_pipeline/21c_chen_forward_instruments_v2_freeze_manifest.R,19171,a5b5bcb14d5516b7ea51f5ad7c2174d9c8ac7a2625e89acdb0465332516d0087
analysis/frozen_pipeline/22_chen_variant_id_semantics_audit_v1.R,28314,6b46defe6501aae3d28eb095c25b87db3ebc1eae36bf7d56e0e4e4b86bd51385
analysis/frozen_pipeline/22a_chen_forward_finngen_outcome_extraction_v2_freeze_manifest.R,20703,f1b464f506324cbe87f027cee92a1e1bc95ac4c1c73d0802944bd35e8efd40a4
analysis/frozen_pipeline/22b_chen_forward_finngen_outcome_extraction_v2_technical_recovery.R,28217,b2306bf2b9e8c012070a0a79135a1f12d0e5e9854c3e9693666ba533625c0909
analysis/frozen_pipeline/22c_chen_forward_finngen_outcome_extraction_v2_readback_closure.R,9668,b5d9daca7c0f67d7ce32cd4218537eac07a1f882ebffac84441f3106ccd2a9cf
analysis/frozen_pipeline/23_chen_forward_harmonisation_preflight_v1.R,27882,74e1aef851c318193ee7f9cf979ca94e0c6bfdf976cddc8a25689dd5142ee5dd
analysis/frozen_pipeline/24_chen_forward_formal_harmonisation_v1.R,28878,a862894229301e726f1b05791056529b1a366db207a3bda51c6b4b01c94b98f3
analysis/frozen_pipeline/24a_chen_forward_harmonised_mr_inputs_v1_freeze_manifest.R,14836,57a9228c29d4f8a72d18663922ce9842f9f3cb754c0ce02a88408dc44a791a10
analysis/frozen_pipeline/24d2_chen_forward_mr_method_alignment_amendment_v1_readback_audit.R,7326,a592044229eb43b24ce39a8bad58ac837105e1c49f07e2240dd4163f0626ae6c
analysis/frozen_pipeline/24d_chen_forward_mr_method_alignment_amendment_v1.R,9584,659de2614d55c29a8edb6f41f76b76decf56056204edb4b2594db3fcc9684211
analysis/frozen_pipeline/24e_chen_forward_mr_analysis_contract_v2.R,14068,91cfb0d18d603bdff938a35454a22e6d670613bd4de4af428a6ccd0aeb82121c
analysis/frozen_pipeline/25_chen_forward_mr_v1.R,42144,e5fce966b4b80e1e28004c30b30063d54b40d23b49ec91bfe666721f16d64b88
analysis/frozen_pipeline/25a2_chen_forward_mr_presso_recovery_v1_finalize_bounded_attempt.R,9952,a87abb39d340dd439ad86f306485242d77eae6b1a1ba07fc61b3c47e26b659df
analysis/frozen_pipeline/25a3_chen_forward_mr_v1_presso_completion_closure.R,7726,98bc5e9664a113836484e2daf5b5cd7672ab5fd0c0a6ae267112376ec2216a04
analysis/frozen_pipeline/25a_chen_forward_mr_presso_recovery_v1.R,20727,0c05942d8806b29b632296d0d9a01b22f7aa13ae747ca6ae3602c74bdd547cd6
analysis/frozen_pipeline/25b_chen_forward_mr_v1_freeze_manifest.R,12842,3d0a169eced94e9553c95d9abf51e125a1a6b04d32e2e245b03b62afe39e46c9
analysis/frozen_pipeline/26_chen_reverse_sensitivity_design_v1.R,13927,ec914ec4089d8ed57e45a3847fa3b2388674341cfd48fce5842c2471192bd8c4
analysis/frozen_pipeline/27_chen_reverse_outcome_extraction_preflight_plan_v1.R,19191,4815f12be07cd0d880eb97c23bb9d11dfc57d5d3f2ec2dd4d33af5e2027c29d2
analysis/frozen_pipeline/27a_chen_reverse_outcome_extraction_preflight_plan_v1_readback_recovery.R,15412,0360247fb6d0daa1a216d1e51e20647130534a2862915513950926f2ec8a629a
analysis/frozen_pipeline/28_chen_reverse_outcome_extraction_execution_contract_v1.R,24435,49e1ecbd253c8bfd3a7eb7a58d506e7369469b1ff0357de05f6f278c98fe625f
analysis/frozen_pipeline/28a_chen_reverse_outcome_extraction_execution_contract_v1_readback_recovery.R,21520,8e4be33be872f86aaca19152f1e0635b0412fe2d7ff7d64fb6ddf145a123221c
analysis/frozen_pipeline/28b_chen_reverse_outcome_extraction_execution_contract_v1_readback_closure.R,12563,a651be8349bdfacc154e078df1e1ce9716a2511a4b0918f5c3362ce3e3dff42c
analysis/frozen_pipeline/29_chen_reverse_outcome_extraction_v1.R,27473,7d3b756d7e3533c3ef549fd2db58daab92af4b9da2dfbf90c1d805ed71b2168c
analysis/frozen_pipeline/29r_chen_reverse_outcome_extraction_v1_technical_recovery.R,30063,ff8bf63c6fe12d1ea8a6161736ee563865ce152b76575f6aae10d91cc81275df
analysis/frozen_pipeline/29s_chen_reverse_outcome_extraction_v1_readback_recovery.R,17669,0ffcb3e6c55f6de4859539899ba0068d30adec71ab2cdd7623435e3cbaa44b9e
analysis/frozen_pipeline/29t_chen_reverse_outcome_extraction_v1_freeze_manifest.R,20161,6551ef3491b21770df3d5655a1a9bc9d2fa0ffba54eb982cc9c44a8b41d5a16d
analysis/frozen_pipeline/29u_chen_reverse_outcome_extraction_v1_freeze_manifest_technical_recovery.R,20981,f0834c5a72299bce2a7ff5c10584bd946a4f70931711240820d9f08ab3b866a6
analysis/frozen_pipeline/30_chen_reverse_harmonisation_preflight_v1.R,27150,2aa53a5b268c6167b02e04ecdfd74f1d385e11be81ec9cfa93960e560e96ec80
analysis/frozen_pipeline/31_chen_reverse_formal_harmonisation_v1.R,26906,598c7845464e07796f64288c735484ee17b1b4150379d2091ac6692cadaa6a4a
analysis/frozen_pipeline/31a_chen_reverse_harmonised_mr_inputs_v1_freeze_manifest.R,16302,b8ecf9af016bee5886d42a1a61944a72a59b34bf29ddcf998b6e3a96be83af2b
analysis/frozen_pipeline/31b_chen_reverse_formal_harmonisation_v1_readback_recovery.R,15540,4b3dfee3399d367420096cd2a353c42bdd0544286fb2cb739b7cf10ba06d19f1
analysis/frozen_pipeline/32_chen_reverse_mr_analysis_contract_v1.R,28638,f07cba01ec4e35709ef0447d10981b58256603077e374afa7ab8630a60d509bd
analysis/frozen_pipeline/33_chen_reverse_mr_v1.R,47673,7d697fdd7582686dd1c4648f61d6c5d0a9a06f75a91ad2368279b82a527e7017
analysis/frozen_pipeline/33a_chen_reverse_mr_v1_freeze_manifest.R,24773,96fbabcd163a1446574e8530f9585456c94fa8269bb8503b6ca6a8f669c60c68
analysis/frozen_pipeline/34_unified_directionality_steiger_framework_v1.R,38905,0fc55aa5abdcaace8bf25c3e9209e6f746d8b0d93152abd68b17fbbbc5295492
analysis/frozen_pipeline/34a_unified_directionality_framework_readback_recovery_v1.R,11459,d182165e7784f615aaea8f294df3fd2606f08dae497d7a36954496a899da3dd5
analysis/frozen_pipeline/35_unified_steiger_assumption_contract_v1.R,25386,ec3f078257df05a0d19a10f1d680b65dfea42327cfaa2f9edde64e6f960e3320
analysis/frozen_pipeline/36_unified_directionality_steiger_v1.R,29778,51faae7eaa4cd8aa1fd7f4f2cb2ac9fdf3718d596b7bb56d5271f0603f6dbb9c
analysis/frozen_pipeline/36a_unified_steiger_v1_freeze_manifest.R,20329,724e4c474b4a7fda9e2e97d0d793c3e9dbef0eb5651d6a5ef80def3fbc801aed
analysis/frozen_pipeline/37_final_integrated_analysis_freeze_v1.R,39111,c56400996abbf09ec2f5cde6c0a2459721880fe876120898f5c227bed9ea89cc
analysis/frozen_pipeline/37a_final_integrated_analysis_freeze_readback_recovery_v1.R,17169,58d87c5cc37c0f1c207e88bf3be83f649a85c7325e62f9ae34d39280c799d6b6
analysis/frozen_pipeline/37b_final_reporting_metadata_readback_recovery_v1.R,20473,88a7653d81cc42921d462eaef4eba6e73c9c7f2a9bac9e681c023bcd0a427929
docs/code_map.md,1100,5e6384ca8e5be696c450ece21790768e68e1544fff0955b5270accc3b0a09e3d
docs/data_sources.md,902,5ccbbe984ea76ce4a6019cd925ca58f33de4d3c754f08891a7c715b25d7647cb
docs/release_steps.md,545,ee66ca5530ddd95a2e3b9aff1f77d5e40b289a7657e408fa22066a9663e197d9
docs/validation_report.md,2869,4d987c322055336bb276cb98f98b27d1be7437f065bafa2a115915f6ccdabcc7
environment/known_software_versions.csv,776,633da66a7dd6dd4f4fbd73438ecdc1999b51d37323a3bc1d2dfe805bee34024e
figures/Figure1_study_design.png,237457,1e6db39316d42d64ac6f2cff6bfe98b9259bb208581b6b556a1cb2a349c31b5d
figures/Figure2_primary_bidirectional_MR.png,113847,ff647530f07cb21be798797cdebf9133e6744e58f3db226874162cd364d26996
figures/Figure3_robustness_sensitivity.png,113868,cd374412335b894f37570c5014dfa1881e41f24b738544863e95ecafb97a0ab9
figures/FigureS1_instrument_flow.png,217633,b6fb245e991d01690b7c29819fe690412f95d173fd475f49b361fa63796b6b30
figures/FigureS2_forward_complete_forest.png,190817,cc0fdb34e4a2eed2cf6f96ba0c33046c9bf49b20a10099dfee3aea5eebab64c3
figures/FigureS3_reverse_complete_forest.png,289792,c2df363de388651d2cc8d6493fd7e51d1be488c9427092180d3cc0fb7936d15f
figures/FigureS4_leave_one_out_influence.png,185325,0737e74dc3364859e7db01ac5305fb35bc481560a03f3ec40a9b4849823274f2
figures/FigureS5_reverse_relaxed_single_SNP.png,244899,764e929700a634c9dfc783a1198e7e90987a4f023562aec2fb66e57de7d6d594
figures/FigureS6_steiger_prevalence_sensitivity.png,151407,601a494eb3942c76af2ce459ce7e0617912179c81995635c200641e599a76fa9
hb_delirium_bidir_mr_public.Rproj,191,2ddd6e253e1a8bc63786d55bba76c4bc6d34f3c9263e665b39fb98a3c10baa02
provenance/final_reporting_metadata_correction.json,4706,3262192e4920308b884554155bbe95c7c067f5b5a1b32ed435e4624df096ffdf
provenance/public_candidate_v0.9.0_sha256_manifest.csv,19644,186f4cdad1450a3bffaa379deac2ec4df6825058c89a63e93c93bae24de95eba
provenance/public_release_candidate_v1.0.0-rc1_sha256_manifest.csv,19704,63e08e0cd079c992ff6bd75b8903381bce50f76182fb690f13fe19191f312a26
provenance/renv.lock.original_incomplete.json,17873,253471c02e1e47a40d0f68b296d4ae2b1df471d757ac86328b3e974018d039f3
renv.lock,209725,d765ff790c4bd8edf8cd5aec854dd9cfbc2613aa6541af4e7fc47840078841c9
results/final/final_analysis_completeness_audit.csv,1888,d8c31ee6e8fe0a357d37807ab44a5bfa016f4220f274dd89e0a57c85f816383b
results/final/final_diagnostic_status_matrix.csv,3992,490a8c68a89868e4ffdd9d20681cac8957395010baa7df58e1540020677dcf6a
results/final/final_limitations_registry.csv,1333,d6b5c0a21999a6212765f2c663fdc6d41574dbe9cdd597fd53f1cb5813ab8315
results/final/final_primary_result_matrix.csv,8512,882b083c6a009203a95298d19aea8d6fe231ffb5de8d1d929b00ee217562d14a
results/final/final_scientific_interpretation.json,3460,a4c0bf0de847ac06f836d19993b9bad3893886abe77fa29d7563ad640412e521
results/tables/chen_forward_egger_intercept_v1.csv,555,7783c4eb10fb53514308eaa650d4a42f7a4d3274dd8aab1029497ad086905b75
results/tables/chen_forward_heterogeneity_v1.csv,765,9018e9c9ef5ebb0ab6448fecb50484ce4a61dbf74e38ece96309b8538619b7bf
results/tables/chen_forward_leave_one_out_v1.csv,231722,4b0192349af09b2b17f2969246a93b74d09d59bd9d72a6085640988f38bd78e0
results/tables/chen_forward_mr_estimates_v1.csv,3708,2920d5b909e24e4f811896ca66fa080ff15d035be86898ada6dca434cf6a8105
results/tables/chen_forward_mr_presso_recovery_v1.csv,740,7d24f4c927975a408c5b439d9ae2f33f3bba6ed7507315a4d4f26ff7dc4b3806
results/tables/chen_forward_mr_presso_v1.csv,387,fd13212a21092203bf2e177bfe592a751e9f38577afc5167d320b69bb12f0fae
results/tables/chen_forward_vuckovic_comparison_v1.csv,5079,3a43ca8ecccbdd539c1273f28d9f6aaaf7e3408839b757426f096a58e025dfd5
results/tables/chen_reverse_relaxed_egger_intercept_v1.csv,647,69b574a9be7d596c8cbd4428919182af3c3584120465c3580210c66e944230f5
results/tables/chen_reverse_relaxed_heterogeneity_v1.csv,748,5f0cad77d441dd1737e98b32395d0fe15d46a3b90117c18d826423b318243df1
results/tables/chen_reverse_relaxed_leave_one_out_v1.csv,6601,96e97814aaba5aa00706bc28b12a22c826d79909837ddc18210e6216197b19ee
results/tables/chen_reverse_relaxed_mr_estimates_v1.csv,4726,66553b88a376892dff9b819bea6f6c99ada69f5a8751a780116bf93e4690c63e
results/tables/chen_reverse_relaxed_mr_presso_v1.csv,882,a37cab1a0d82ca68acc41973c04e8a4dbbe2d1465b963ec57e8fe71fbb9fa806
results/tables/chen_reverse_relaxed_single_snp_v1.csv,6296,f14e318b0cec6a6990687067ff2b56e92fb693d31c6e3b680635bc50755861a8
results/tables/chen_reverse_strict_mr_v1.csv,1882,a03b679ca9588004df15db0260574d4f6f00ce4bd5401a73655f5de2bef41909
results/tables/chen_reverse_vuckovic_comparison_v1.csv,4580,a623e6af7c20121aa034f601cefb724c41fdd0a4d64a8db22500e6c0c78dd266
results/tables/reverse_relaxed_egger_intercept_v1.csv,588,ccfef7401989f9c49bd32ac4b85bc2301f4c32c39f147e6c5e781cf018f5f769
results/tables/reverse_relaxed_heterogeneity_v1.csv,618,51051f0ddf67fa242c40ad3ea719a1570ffdc189cf86d7f1dfd45a7f123ce4ad
results/tables/reverse_relaxed_leave_one_out_v1.csv,5109,eb368c097092735aa046ef6998ea8904e31a2fbd3a15d48709493568a388e146
results/tables/reverse_relaxed_mr_estimates_doubling_odds_v1.csv,3977,cb4a013db4a19635c588bb0c471b0ce32764a99660d9f7eb6a69ceea7dc9a60a
results/tables/reverse_relaxed_mr_estimates_v1.csv,3199,cba864918e8c6eb576a6963d5bd5705a7de12ae4752e463eb935284e2947bc21
results/tables/reverse_relaxed_mr_presso_v1.csv,597,98176442b826d5986a260c6b320366ebaecdb80e5af9be294a4fd063ed2b0b44
results/tables/reverse_relaxed_single_snp_v1.csv,4780,d99f590e80f85bd10c38fe6877b009d9ed0df8fa76ef57bf8441efa85748e579
results/tables/reverse_relaxed_strict_comparison_v1.csv,1026,88e6f8390f66987ec21035c7c780fc42e2d7e2ca21c6439b17522d41e51b2829
results/tables/reverse_strict_primary_mr_estimates_doubling_odds_v1.csv,882,cb97bd43cccd12523a1f794a2028e3ab65d0e093d25a022f8e2fc156c05a0124
results/tables/reverse_strict_primary_mr_estimates_v1.csv,1411,49601e376401163576d578d7939df73cdc37c3d6c379aa95038ceb805db0df0f
results/tables/unified_steiger_analysis_summary_v1.csv,5269,b9ab3026fadf7a95e91cc8edc25de4d0f08f4ea1f4bd6902ad163eae72eafb38
results/tables/unified_steiger_not_estimable_v1.csv,8747,f5be6dc70d0442901aebf8022fd58e3567f52baf6ba57b2b06d1b432edd71e37
results/tables/unified_steiger_scenario_results_v1.csv,19273,a39b343b8bf3a52a2aa283cad7f94e461cc97340a9b22c6522a5ede97c86f6ce
results/tables/vuckovic_hb_finngen_r13_forward_egger_intercept_v3.csv,265,7d775180e96cae341e648a2fa11d32bdbcb9597afaae5bbaaeae47bd5fefe968
results/tables/vuckovic_hb_finngen_r13_forward_heterogeneity_v3.csv,473,46f8e6e8985288f17664fe5497a520d085626d0b70b8bb0d7bb84a0cd33c6fe0
results/tables/vuckovic_hb_finngen_r13_forward_instrument_strength_summary_v3.csv,324,44a287b484366f3765046d5f9daee26753eee562c4ad54283ae302bfac7efa9c
results/tables/vuckovic_hb_finngen_r13_forward_instrument_strength_v3.csv,63127,f20495d7f1dbb998b12ee250eec0f0e3c35d23edb86c12655fabb841938d137e
results/tables/vuckovic_hb_finngen_r13_forward_leave_one_out_full_ivw_v3.csv,407,7b2f8f5a18df752c0c0032ca5f9cd54aeedf6fb00454decf2d9d48662a67339c
results/tables/vuckovic_hb_finngen_r13_forward_leave_one_out_v3.csv,128646,232a656fb124378a3b18c3f3d136b06c7a22858b2fc9a0da93f0b6344556df15
results/tables/vuckovic_hb_finngen_r13_forward_mr_estimates_v3.csv,2418,db207c217c9d5480feaeea4aabda88e33d83c9938cd54efbb0cb0b70b02ecd45
results/tables/vuckovic_hb_finngen_r13_forward_mr_presso_v3.csv,301,0e41bd3ad58764d0722e5a25e19ca2b011bce46b2791d9f6684c7b51986aede8
